R,algorithm,date,iteration,seed,size
6400,ea1p1SD,20211123131035_788,27858,16376694357140688,80
6400,ea1p1SD,20211123131036_773,45582,16376694366744640,80
6400,ea1p1SD,20211123131040_875,404534,16376694399653330,80
6400,ea1p1SD,20211123131042_803,193193,16376694423883290,80
6400,ea1p1SD,20211123131050_079,132852,16376694498249680,80
6400,ea1p1SD,20211123131056_083,100576,16376694558701640,80
6400,ea1p1SD,20211123131056_087,1612,16376694560844980,80
6400,ea1p1SD,20211123131103_36,164614,16376694629988040,80
6400,ea1p1SD,20211123131110_314,167657,16376694699956328,80
6400,ea1p1SD,20211123131118_812,377003,16376694778569860,80
6400,ea1p1SD,20211123131121_958,640010,16376694804359022,80
6400,ea1p1SD,20211123131122_998,22753,16376694829574550,80
6400,ea1p1SD,20211123131123_596,206201,16376694831631160,80
6400,ea1p1SD,20211123131124_201,151652,16376694838741970,80
6400,ea1p1SD,20211123131124_249,22756,16376694842021028,80
6400,ea1p1SD,20211123131124_302,24805,16376694842505990,80
6400,ea1p1SD,20211123131127_166,45734,16376694870816792,80
6400,ea1p1SD,20211123131128_832,128495,16376694885602550,80
6400,ea1p1SD,20211123131130_171,551756,16376694888345662,80
6400,ea1p1SD,20211123131130_95,17230,16376694909191780,80
6400,ea1p1SD,20211123131131_181,102695,16376694909509280,80
6400,ea1p1SD,20211123131131_597,185566,16376694911823800,80
6400,ea1p1SD,20211123131137_713,12166,16376694976880990,80
6400,ea1p1SD,20211123131139_316,359814,16376694985132020,80
6400,ea1p1SD,20211123131144_507,38379,16376695044307510,80
6400,ea1p1SD,20211123131146_924,9997,16376695069037450,80
6400,ea1p1SD,20211123131208_714,103698,16376695284993780,80
6400,ea1p1SD,20211123131211_077,215282,16376695306315580,80
6400,ea1p1SD,20211123131222_258,635341,16376695408205290,80
6400,ea1p1SD,20211123131225_27,16902,16376695452393530,80
6400,ea1p1SD,20211123131228_604,428979,16376695475619190,80
6400,ea1p1SD,20211123131232_195,58420,16376695520656510,80
6400,ea1p1SD,20211123131233_002,84098,16376695528135050,80
6400,ea1p1SD,20211123131237_113,53523,16376695570005940,80
6400,ea1p1SD,20211123131257_973,8315,16376695779567780,80
6400,ea1p1SD,20211123131257_982,4588,16376695779741340,80
6400,ea1p1SD,20211123131746_863,16462,16376698668271210,80
6400,ea1p1SD,20211123131752_045,34413,16376698719864920,80
6400,ea1p1SD,20211123131752_813,168709,16376698724958178,80
6400,ea1p1SD,20211123131754_185,650221,16376698728148920,80
6400,ea1p1SD,20211123131811_712,298040,16376698910333260,80
6400,ea1p1SD,20211123131814_473,133861,16376698941564190,80
6400,ea1p1SD,20211123131815_126,276150,16376698944787570,80
6400,ea1p1SD,20211123131830_137,81349,16376699099783780,80
6400,ea1p1SD,20211123131838_009,20165,16376699179716720,80
6400,ea1p1SD,20211123131841_198,32754,16376699211404728,80
6400,ea1p1SD,20211123131850_521,1824849,16376699264400610,80
6400,ea1p1SD,20211123131851_698,38219,16376699316120998,80
6400,ea1p1SD,20211123131852_318,13410,16376699322954950,80
6400,ea1p1SD,20211123131855_575,8185,16376699355542310,80
6400,ea1p1SD,20211123131907_349,46454,16376699472532520,80
6400,ea1p1SD,20211123131917_448,45191,16376699573432050,80
6400,ea1p1SD,20211123131920_593,186265,16376699602201360,80
6400,ea1p1SD,20211123131925_024,3818,16376699650186998,80
6400,ea1p1SD,20211123131925_079,29342,16376699650251410,80
6400,ea1p1SD,20211123131929_266,247617,16376699687815190,80
6400,ea1p1SD,20211123131929_33,25975,16376699692673180,80
6400,ea1p1SD,20211123131932_278,11057,16376699722584478,80
6400,ea1p1SD,20211123131933_176,262729,16376699726221270,80
6400,ea1p1SD,20211123131934_055,26673,16376699740066180,80
6400,ea1p1SD,20211123131934_378,167093,16376699740567260,80
6400,ea1p1SD,20211123131934_454,40987,16376699743798090,80
6400,ea1p1SD,20211123131936_281,44791,16376699762005510,80
6400,ea1p1SD,20211123131937_37,11764,16376699773509660,80
6400,ea1p1SD,20211123131937_546,88080,16376699773717170,80
6400,ea1p1SD,20211123131939_377,123463,16376699791457310,80
6400,ea1p1SD,20211123131940_837,36344,16376699807398920,80
6400,ea1p1SD,20211123131943_177,16521,16376699831329260,80
6400,ea1p1SD,20211123131943_538,133105,16376699832751220,80
6400,ea1p1SD,20211123131946_742,45122,16376699866597150,80
6400,ea1p1SD,20211123131949_169,28760,16376699891180610,80
6400,ea1p1SD,20211123131950_266,2615,16376699902630100,80
6400,ea1p1SD,20211123132457_355,371972,16376702964282220,80
6400,ea1p1SD,20211123132458_414,450903,16376702973570940,80
6400,ea1p1SD,20211123132511_723,5346789,16376702984267048,80
6400,ea1p1SD,20211123132516_492,614313,16376703149201460,80
6400,ea1p1SD,20211123132521_037,255359,16376703202518402,80
6400,ea1p1SD,20211123132526_001,1445796,16376703219454160,80
6400,ea1p1SD,20211123132530_154,823863,16376703283115120,80
6400,ea1p1SD,20211123132553_219,2721289,16376703464036692,80
6400,ea1p1SD,20211123132606_96,3792779,16376703567414442,80
6400,ea1p1SD,20211123132653_111,391965,16376704122351230,80
6400,ea1p1SD,20211123132656_141,628350,16376704146351100,80
6400,ea1p1SD,20211123132707_498,2062812,16376704220563350,80
6400,ea1p1SD,20211123132711_729,138413,16376704314550550,80
6400,ea1p1SD,20211123132833_601,62555,16376705134844610,80
6400,ea1p1SD,20211123132842_968,2102544,16376705180350708,80
6400,ea1p1SD,20211123132852_218,3945294,16376705229697558,80
6400,ea1p1SD,20211123132852_257,20183,16376705322191720,80
6400,ea1p1SD,20211123132858_807,100821,16376705385873858,80
6400,ea1p1SD,20211123132927_002,9651580,16376705407585080,80
6400,ea1p1SD,20211123132958_14,9357096,16376705745563660,80
6400,ea1p1SD,20211123132958_186,20676,16376705981414722,80
6400,ea1p1SD,20211123133030_738,6785,16376706307260270,80
6400,ea1p1SD,20211123133031_133,189326,16376706307398860,80
6400,ea1p1SD,20211123133115_7,43821,16376706756184380,80
6400,ea1p1SD,20211123133126_048,65626,16376706858877680,80
6400,ea1p1SD,20211123133126_42,34970,16376706863533600,80
6400,ea1p1SD,20211123133513_897,63141,16376709136840702,80
6400,ea1p1SD,20211123133526_954,418396,16376709260067420,80
2025,ea1p1SD,20211123140009_887,16916,16376724095503982,10
19600,ea1p1SD,20211123140047_367,296580,16376724284307900,40
11025,ea1p1SD,20211123140048_819,38172,16376724473697340,15
3844,ea1p1SD,20211123140541_824,23503,16376727411386340,20
11025,ea1p1SD,20211123140630_097,55402,16376727877507500,15
19881,ea1p1SD,20211123141057_886,290115,16376730413522350,40
58564,ea1p1SD,20211123141148_274,322597,16376730796993660,60
3136,ea1p1SD,20211123141148_478,8577,16376731082754750,20
22201,ea1p1SD,20211123141231_893,199332,16376731405511020,40
63504,ea1p1SD,20211123141533_492,495093,16376732889213120,60
4096,ea1p1SD,20211123141600_241,42438,16376733589954268,20
2025,ea1p1SD,20211123141600_511,5957,16376733603824320,10
11025,ea1p1SD,20211123141601_947,36070,16376733605124380,15
3721,ea1p1SD,20211123142018_452,31359,16376736176198680,20
55696,ea1p1SD,20211123142258_734,345701,16376737482776690,60
63504,ea1p1SD,20211123142351_969,545467,16376737803703650,60
11025,ea1p1SD,20211123142354_21,60745,16376738319860230,15
2025,ea1p1SD,20211123142438_254,8034,16376738780980520,10
36100,ea1p1SD,20211123142947_292,228009,16376741717309402,20
4096,ea1p1SD,20211123142957_213,17146,16376741967730588,20
36100,ea1p1SD,20211123143218_493,84696,16376743331903360,20
36100,ea1p1SD,20211123143433_483,178229,16376744617777310,20
19044,ea1p1SD,20211123143441_1,148263,16376744737597270,40
59049,ea1p1SD,20211123143512_732,273574,16376744888680680,60
24964,ea1p1SD,20211123143524_883,192495,16376745127341130,40
36100,ea1p1SD,20211123143530_163,85437,16376745248847970,20
2025,ea1p1SD,20211123143533_957,8049,16376745337940660,10
36100,ea1p1SD,20211123143708_729,247021,16376746092712760,20
10000,ea1p1SD,20211210161818_595,2652788,16391494905660580,100
10000,ea1p1SD,20211210161831_047,10715,16391495110250450,100
10000,ea1p1SD,20211210163204_004,6508,16391503239851820,100
14400,ea1p1SD,20211210163204_598,3064,16391503245942150,120
10000,ea1p1SD,20211210163347_516,3507,16391504275099880,100
14400,ea1p1SD,20211210163348_022,4476,16391504280107650,120
14400,ea1p1SD,20211210163348_069,2636,16391504280633162,120
10000,ea1p1SD,20211210163348_391,5512,16391504283819360,100
14400,ea1p1SD,20211210163348_407,9087,16391504283917220,120
10000,ea1p1SD,20211210163348_767,4194,16391504287591432,100
10000,ea1p1SD,20211210163349_071,7805,16391504290576920,100
14400,ea1p1SD,20211210163349_116,21923,16391504290726150,120
10000,ea1p1SD,20211210163349_267,10747,16391504292468490,100
14400,ea1p1SD,20211210163349_324,7292,16391504293114260,120
10000,ea1p1SD,20211210163443_485,3795,16391504834760120,100
10000,ea1p1SD,20211210163444_298,1724,16391504842953470,100
14400,ea1p1SD,20211210163444_555,59709,16391504844179010,120
14400,ea1p1SD,20211210163446_881,7633,16391504868671940,120
14400,ea1p1SD,20211210163447_545,2911,16391504875400200,120
14400,ea1p1SD,20211210163447_565,9412,16391504875462300,120
10000,ea1p1SD,20211210163447_753,1728,16391504877499790,100
14400,ea1p1SD,20211210163447_796,13654,16391504877539042,120
10000,ea1p1SD,20211210163447_823,13642,16391504877972290,100
10000,ea1p1SD,20211210163449_421,2813,16391504894173410,100
14400,ea1p1SD,20211210163907_929,432953,16391507467423320,120
10000,ea1p1SD,20211210163911_957,534900,16391507506844330,100
14400,ea1p1SD,20211210163925_101,246226,16391507645559918,120
10000,ea1p1SD,20211210163928_383,115061,16391507681367468,100
10000,ea1p1SD,20211210163935_12,481252,16391507740007000,100
14400,ea1p1SD,20211210163949_241,466991,16391507881863370,120
10000,ea1p1SD,20211210164001_347,412367,16391508003851480,100
14400,ea1p1SD,20211210164007_43,19726,16391508073917930,120
10000,ea1p1SD,20211210164014_017,168942,16391508136486690,100
14400,ea1p1SD,20211210164020_099,1639385,16391508157066870,120
14400,ea1p1SD,20211210164201_573,454639,16391509205677630,120
10000,ea1p1SD,20211210164206_099,62006,16391509259578490,100
14400,ea1p1SD,20211210164207_194,494757,16391509261003510,120
10000,ea1p1SD,20211210164211_78,159119,16391509314218358,100
10000,ea1p1SD,20211210164211_786,3195,16391509317815430,100
10000,ea1p1SD,20211210164216_82,347815,16391509360488542,100
14400,ea1p1SD,20211210164223_466,327216,16391509427526590,120
14400,ea1p1SD,20211210164225_761,115066,16391509455163010,120
10000,ea1p1SD,20211210164226_425,275399,16391509457621880,100
14400,ea1p1SD,20211210164227_633,58105,16391509474938180,120
40000,ea1p1SD,20211210164323_164,2695141,16391509969220340,200
10000,ea1p1SD,20211210164332_716,9248,16391510126928180,100
10000,ea1p1SD,20211210164333_34,247438,16391510127177550,100
40000,ea1p1SD,20211210164341_951,3517537,16391510133415150,200
10000,ea1p1SD,20211210164342_289,3422,16391510222833340,100
40000,ea1p1SD,20211210164728_906,325073,16391512482311872,200
40000,ea1p1SD,20211210164744_441,3665689,16391512557757320,200
40000,ea1p1SD,20211210164829_94,1530375,16391513065130840,200
10000,ea1p1SD,20211210164830_771,274989,16391513102015008,100
10000,ea1p1SD,20211210164946_469,145072,16391513861813220,100
10000,ea1p1SD,20211210165101_422,2340,16391514614178610,100
10000,ea1p1SD,20211210165102_071,1535,16391514620682110,100
40000,ea1p1SD,20211210165102_673,6509,16391514626622830,200
40000,ea1p1SD,20211210165103_324,301681,16391514626861860,200
40000,ea1p1SD,20211210165108_838,4119,16391514688318190,200
40000,ea1p1SD,20211210165109_02,72466,16391514688506780,200
40000,ea1p1SD,20211210165109_06,22527,16391514690213730,200
10000,ea1p1SD,20211210165109_389,7100,16391514693772940,100
10000,ea1p1SD,20211210165109_566,2263,16391514695628520,100
10000,ea1p1SD,20211210165111_435,12572,16391514714098620,100
10000,ea1p1SD,20211210165214_83,102981,16391515346241478,100
40000,ea1p1SD,20211210165222_323,2452910,16391515365657740,200
40000,ea1p1SD,20211210165241_012,7223233,16391515429790670,200
40000,ea1p1SD,20211210165245_307,1696541,16391515614561278,200
10000,ea1p1SD,20211210165302_572,196826,16391515821554350,100
40000,ea1p1SD,20211210165303_393,387857,16391515825738390,200
40000,ea1p1SD,20211210165309_598,2289755,16391515843372450,200
10000,ea1p1SD,20211210165309_607,4804,16391515895995980,100
10000,ea1p1SD,20211210165312_351,30131,16391515922915110,100
10000,ea1p1SD,20211210165333_178,142845,16391516128688330,100
10000,ea1p1SD,20211210170022_37,1172,16391520223615250,100
10000,ea1p1SD,20211210170022_628,21261,16391520225733290,100
22500,ea1p1SD,20211210170022_657,3847,16391520226494250,150
10000,ea1p1SD,20211210170023_0,13213,16391520229764350,100
22500,ea1p1SD,20211210170023_087,42641,16391520230014550,150
22500,ea1p1SD,20211210170023_095,4208,16391520230880180,150
22500,ea1p1SD,20211210170212_293,50397,16391521321544430,150
10000,ea1p1SD,20211210170213_595,2282,16391521335891730,100
10000,ea1p1SD,20211210170213_762,2804,16391521337573960,100
22500,ea1p1SD,20211210170216_417,76754,16391521362415000,150
22500,ea1p1SD,20211212205657_252,794975,16393390148245060,150
10000,ea1p1SD,20211212205658_855,123852,16393390185189870,100
4900,ea1p1SD,20211212211031_333,6488,16393398313069370,70
2500,ea1p1SD,20211212211031_497,3976,16393398314887890,50
4900,ea1p1SD,20211212211031_502,991,16393398315003380,70
2500,ea1p1SD,20211212211031_511,2730,16393398315066290,50
2500,ea1p1SD,20211212211031_521,2970,16393398315160920,50
4900,ea1p1SD,20211212211031_554,3302,16393398315474750,70
2500,ea1p1SD,20211212211032_064,847,16393398320631880,50
2500,ea1p1SD,20211212211032_069,2085,16393398320657110,50
4900,ea1p1SD,20211212211032_144,678,16393398321431170,70
4900,ea1p1SD,20211212211032_439,15261,16393398324085690,70
4900,ea1p1SD,20211212211207_272,10587,16393399272411590,70
4900,ea1p1SD,20211212211207_346,22068,16393399272972340,70
2500,ea1p1SD,20211212211207_447,5156,16393399274329268,50
2500,ea1p1SD,20211212211207_472,731,16393399274709900,50
2500,ea1p1SD,20211212211447_295,6391,16393400872807642,50
2500,ea1p1SD,20211212211447_308,5176,16393400872965068,50
2500,ea1p1SD,20211212211447_332,10469,16393400873087520,50
2500,ea1p1SD,20211212211447_334,598,16393400873334970,50
4900,ea1p1SD,20211212211453_623,26297,16393400935126070,70
2500,ea1p1SD,20211212211453_624,174,16393400936238812,50
4900,ea1p1SD,20211212211511_661,2596,16393401116572570,70
4900,ea1p1SD,20211212211532_878,28213,16393401327557508,70
4900,ea1p1SD,20211212211602_55,9487,16393401625307838,70
2500,ea1p1SD,20211212211602_936,6310,16393401629213750,50
4900,ea1p1SD,20211212211612_841,4481,16393401728331202,70
4900,ea1p1SD,20211212211613_479,3407,16393401734731440,70
2500,ea1p1SD,20211212211613_489,897,16393401734879848,50
4900,ea1p1SD,20211212211613_593,9512,16393401735729730,70
4900,ea1p1SD,20211212211613_617,10908,16393401735939810,70
2500,ea1p1SD,20211212211613_627,4255,16393401736187050,50
10000,ea1p1SD,20211215101543_42,8762,16395597433584300,100
10000,ea1p1SD,20211215101544_93,1813,16395597449270640,100
10000,ea1p1SD,20211215101545_006,3883,16395597449985190,100
10000,ea1p1SD,20211215101545_636,2172,16395597456318450,100
10000,ea1p1SD,20211215101545_865,67272,16395597457240780,100
10000,ea1p1SD,20211215101546_455,2731,16395597464492550,100
10000,ea1p1SD,20211215101546_464,3009,16395597464566670,100
10000,ea1p1SD,20211215101547_217,1617,16395597472143062,100
10000,ea1p1SD,20211215101548_033,288695,16395597473786622,100
10000,ea1p1SD,20211215101548_305,106499,16395597480343220,100
10000,ea1p1SD,20211215101548_706,162984,16395597483059990,100
10000,ea1p1SD,20211215101548_734,3808,16395597487277870,100
10000,ea1p1SD,20211215101548_899,3431,16395597488913630,100
10000,ea1p1SD,20211215101549_31,161628,16395597488999910,100
10000,ea1p1SD,20211215101551_445,1455,16395597514427650,100
10000,ea1p1SD,20211215101552_266,184258,16395597518298560,100
10000,ea1p1SD,20211215101552_715,68874,16395597525714468,100
10000,ea1p1SD,20211215101553_148,49602,16395597530408830,100
10000,ea1p1SD,20211215101554_362,44362,16395597542610878,100
10000,ea1p1SD,20211215101554_781,134584,16395597543636840,100
10000,ea1p1SD,20211215101723_734,1864,16395598437300100,100
10000,ea1p1SD,20211215101723_741,2707,16395598437358510,100
10000,ea1p1SD,20211215101723_746,1257,16395598437441420,100
10000,ea1p1SD,20211215101723_75,1819,16395598437476680,100
10000,ea1p1SD,20211215101723_819,1625,16395598438169392,100
10000,ea1p1SD,20211215101723_824,2066,16395598438207410,100
10000,ea1p1SD,20211215101724_021,66467,16395598438260090,100
10000,ea1p1SD,20211215101724_023,967,16395598440222340,100
10000,ea1p1SD,20211215101725_267,970,16395598452660648,100
10000,ea1p1SD,20211215101725_271,1309,16395598452686600,100
10000,ea1p1SD,20211215101726_122,81886,16395598459256950,100
10000,ea1p1SD,20211215101726_132,3012,16395598461268590,100
10000,ea1p1SD,20211215101726_55,8646,16395598465337810,100
10000,ea1p1SD,20211215101726_602,967,16395598466006340,100
10000,ea1p1SD,20211215101726_606,1440,16395598466034328,100
10000,ea1p1SD,20211215101727_636,19760,16395598475959130,100
10000,ea1p1SD,20211215101728_048,965,16395598480468730,100
10000,ea1p1SD,20211215101728_107,1504,16395598480632780,100
10000,ea1p1SD,20211215101728_352,115763,16395598481079050,100
10000,ea1p1SD,20211215101728_563,78915,16395598483533120,100
10000,ea1p1SD,20211215101808_289,4317,16395598882791160,100
10000,ea1p1SD,20211215101808_792,105709,16395598884684830,100
10000,ea1p1SD,20211215101809_154,125513,16395598887934730,100
10000,ea1p1SD,20211215101811_2,176037,16395598907703720,100
10000,ea1p1SD,20211215101811_407,1292,16395598914050630,100
10000,ea1p1SD,20211215101811_684,18929,16395598916438820,100
10000,ea1p1SD,20211215101811_686,971,16395598916849680,100
10000,ea1p1SD,20211215101816_23,4067,16395598962230750,100
10000,ea1p1SD,20211215101816_513,4744,16395598965041708,100
10000,ea1p1SD,20211215101817_834,4293,16395598978269090,100
10000,ea1p1SD,20211215101817_839,1581,16395598978358108,100
10000,ea1p1SD,20211215101818_442,162737,16395598980558060,100
10000,ea1p1SD,20211215101819_378,12906,16395598993505610,100
10000,ea1p1SD,20211215101821_213,13131,16395599011848670,100
10000,ea1p1SD,20211215101821_895,2962,16395599018896180,100
10000,ea1p1SD,20211215101841_559,539982,16395599201538760,100
10000,ea1p1SD,20211215101842_459,364406,16395599215601900,100
10000,ea1p1SD,20211215103046_695,283473,16395606450042110,100
10000,ea1p1SD,20211215103053_459,1438874,16395606497579752,100
10000,ea1p1SD,20211215103107_478,1548127,16395606636563590,100
10000,ea1p1SD,20211215103126_806,28241,16395606867318740,100
10000,ea1p1SD,20211215103133_663,38442,16395606935814190,100
10000,ea1p1SD,20211215103230_163,300151,16395607493701388,100
10000,ea1p1SD,20211215103249_524,694645,16395607678912480,100
10000,ea1p1SD,20211215103250_167,4985,16395607701598470,100
10000,ea1p1SD,20211215103250_242,31800,16395607701683580,100
10000,ea1p1SD,20211215103303_617,646023,16395607820971760,100
10000,ea1p1SD,20211215103415_492,71880,16395608553373820,100
10000,ea1p1SD,20211215103511_557,696271,16395609098533730,100
10000,ea1p1SD,20211215103538_35,16108,16395609383200470,100
10000,ea1p1SD,20211215103538_573,91557,16395609383719790,100
10000,ea1p1SD,20211215103538_941,159202,16395609385740280,100
10000,ea1p1SD,20211215103838_742,313407,16395611179925000,100
10000,ea1p1SD,20211215103838_747,1880,16395611187444230,100
10000,ea1p1SD,20211215103838_755,3912,16395611187486228,100
10000,ea1p1SD,20211215103843_457,1235,16395611234547840,100
10000,ea1p1SD,20211215103848_689,1891,16395611286856980,100
10000,ea1p1SD,20211215103949_486,1199,16395611894843960,100
10000,ea1p1SD,20211215103951_413,653552,16395611895104470,100
10000,ea1p1SD,20211215103951_421,3762,16395611914148810,100
10000,ea1p1SD,20211215103953_293,699345,16395611914222550,100
10000,ea1p1SD,20211215103957_676,1531158,16395611933766380,100
10000,ea1p1SD,20211215103957_717,1194,16395611977155080,100
10000,ea1p1SD,20211215104059_863,251256,16395612591770188,100
10000,ea1p1SD,20211215104106_899,2985,16395612668943680,100
10000,ea1p1SD,20211215104107_281,56738,16395612671385110,100
10000,ea1p1SD,20211215104107_313,1140,16395612673115110,100
10000,ea1p1SD,20211215104114_683,4052,16395612746765060,100
10000,ea1p1SD,20211215104114_818,929,16395612748164150,100
10000,ea1p1SD,20211215104140_285,1956,16395613002812970,100
10000,ea1p1SD,20211215104209_528,1461602,16395613251392130,100
10000,ea1p1SD,20211215104215_857,861,16395613358557630,100
10000,ea1p1SD,20211215104215_861,1200,16395613358581110,100
10000,ea1p1SD,20211215104216_064,1214,16395613360621840,100
10000,ea1p1SD,20211215104230_041,1488457,16395613460398920,100
10000,ea1p1SD,20211215104230_609,196909,16395613500428690,100
10000,ea1p1SD,20211215104230_622,1499,16395613506197290,100
10000,ea1p1SD,20211215104852_647,1623,16395617326285190,100
10000,ea1p1SD,20211215104855_605,5391,16395617355959630,100
10000,ea1p1SD,20211215104934_477,126481,16395617741863730,100
10000,ea1p1SD,20211215104934_841,24538,16395617747896420,100
10000,ea1p1SD,20211215105030_758,3184288,16395618216476222,100
10000,ea1p1SD,20211215105032_364,6346,16395618323526630,100
10000,ea1p1SD,20220109120816_45,766,16417174964053330,100
10000,ea1p1SD,20220109120817_652,1557,16417174976499578,100
10000,ea1p1SD,20220109120817_668,1235,16417174976650692,100
10000,ea1p1SD,20220109120822_754,387023,16417175018162940,100
10000,ea1p1SD,20220109120826_439,1458059,16417175027777910,100
10000,ea1p1SD,20220109120827_101,2029,16417175070950860,100
10000,ea1p1SD,20220109120828_324,2725,16417175083188250,100
10000,ea1p1SD,20220109120833_794,398015,16417175128184180,100
10000,ea1p1SD,20220109120833_804,3355,16417175137987968,100
10000,ea1p1SD,20220109120835_265,1682,16417175152460420,100
10000,ea1p1SD,20220109120835_451,1978,16417175154481562,100
10000,ea1p1SD,20220109120835_458,1244,16417175154567180,100
10000,ea1p1SD,20220109120835_821,158865,16417175154595270,100
10000,ea1p1SD,20220109120836_279,11653,16417175162564850,100
10000,ea1p1SD,20220109120837_46,1416,16417175174576750,100
10000,ea1p1SD,20220109120837_463,1005,16417175174614450,100
10000,ea1p1SD,20220109120838_41,1710,16417175183914400,100
10000,ea1p1SD,20220109120838_425,2646,16417175184214240,100
10000,ea1p1SD,20220109120838_498,1825,16417175184951570,100
10000,ea1p1SD,20220109120838_518,10251,16417175184990570,100
10000,ea1p1SD,20220109121729_018,17613,16417180489800388,100
10000,ea1p1SD,20220109121731_518,220551,16417180509209550,100
10000,ea1p1SD,20220109121731_526,1923,16417180515221830,100
10000,ea1p1SD,20220109122456_725,144074475,16417180522237790,100
10000,ea1p1SD,20220109122800_82,40181,16417186807344552,100
10000,ea1p1SD,20220109125044_979,785979,16417200428108170,100
10000,ea1p1SD,20220109125411_705,1246390,16417202481293470,100
10000,ea1p1SD,20220109125431_367,346156,16417202704793848,100
10000,ea1p1SD,20220109125932_816,29780,16417205727535000,100
10000,ea1p1SD,20220109130417_301,449633,16417208562209280,100
10000,ea1p1SD,20220109130539_552,12729576,16417209051629940,100
10000,ea1p1SD,20220109130618_288,1217,16417209782863980,100
10000,ea1p1SD,20220109130635_923,1888048,16417209905933680,100
10000,ea1p1SD,20220109130636_019,43964,16417209959251290,100
10000,ea1p1SD,20220109130654_302,5618787,16417209960204762,100
10000,ea1p1SD,20220109130702_212,2248,16417210222080150,100
10000,ea1p1SD,20220109130857_044,855157,16417211348533550,100
10000,ea1p1SD,20220109130857_058,6219,16417211370477740,100
10000,ea1p1SD,20220109131256_145,16480034,16417213276852000,100
10000,ea1p1SD,20220109131429_087,84153,16417214688535358,100
10000,ea1p1SD,20220109131430_135,3671,16417214701274570,100
10000,ea1p1SD,20220109131604_181,1013,16417215641784060,100
10000,ea1p1SD,20220109131605_395,459440,16417215642139620,100
10000,ea1p1SD,20220109131606_465,119324,16417215661773952,100
10000,ea1p1SD,20220109131824_782,29795237,16417216120350720,100
10000,ea1p1SD,20220109131912_438,288189,16417217517296360,100
10000,ea1p1SD,20220109131912_852,16214,16417217528160520,100
10000,ea1p1SD,20220109132001_88,1028,16417218018782188,100
10000,ea1p1SD,20220109132029_87,8321364,16417218044975130,100
10000,ea1p1SD,20220109132030_656,279243,16417218299146950,100
10000,ea1p1SD,20220109132058_227,325649,16417218573879550,100
10000,ea1p1SD,20220109132058_249,10745,16417218582287210,100
10000,ea1p1SD,20220109132133_367,292089,16417218926328640,100
10000,ea1p1SD,20220109132133_378,5690,16417218933677640,100
10000,ea1p1SD,20220109132150_191,1358,16417219101885800,100
10000,ea1p1SD,20220109132232_018,14871253,16417219127198132,100
10000,ea1p1SD,20220109132244_997,25533,16417219649320820,100
10000,ea1p1SD,20220109132353_23,1982,16417220332264330,100
10000,ea1p1SD,20220109143515_594,11278709,16417262861455850,100
6400,ea1p1SD,20220109143548_728,9166529,16417263223560678,80
3600,ea1p1SD,20220109143626_216,2323529,16417263791309760,60
10000,ea1p1SD,20220109143903_368,7269001,16417265221183370,100
10000,ea1p1SD,20220109143949_316,12022485,16417265515835618,100
6400,ea1p1SD,20220109144028_518,11960404,16417265941595830,80
10000,ea1p1SD,20220109144216_757,33634344,16417266353109240,100
6400,ea1p1SD,20220109144237_582,2547400,16417267503708342,80
6400,ea1p1SD,20220109144342_68,3798513,16417268117264770,80
3600,ea1p1SD,20220109144546_0,914998,16417269433749210,60
3600,ea1p1SD,20220109144550_205,529716,16417269488392610,60
6400,ea1p1SD,20220109144619_453,66137,16417269792890160,80
3600,ea1p1SD,20220109145018_364,816957,16417272158303370,60
3600,ea1p1SD,20220109145036_724,183701,16417272362330890,60
10000,ea1p1SD,20220109145225_348,9875703,16417273164133560,100
10000,ea1p1SD,20220207110600_02,191570,16442283596012160,100
10000,ea1p1SD,20220207110610_27,322784,16442283696044930,100
10000,ea1p1SD,20220207110617_84,713780,16442283761616440,100
10000,ea1p1SD,20220207110832_848,154916,16442285125335860,100
10000,ea1p1SD,20220207110836_499,229333,16442285160368090,100
10000,ea1p1SD,20220207111551_451,251102,16442289508679840,100
10000,ea1p1SD,20220207111551_616,71867,16442289514607760,100
10000,ea1p1SD,20220207111556_138,266500,16442289555984750,100
10000,ea1p1SD,20220207111704_253,5131831,16442290123333280,100
10000,ea1p1SD,20220207124335_63,14508,16442342155822660,100
10000,ea1p1SD,20220207124335_709,23319,16442342156341910,100
10000,ea1p1SD,20220207124348_716,112404,16442342284694810,100
10000,ea1p1SD,20220207124724_145,69524,16442344439696130,100
10000,ea1p1SD,20220207124735_077,161013,16442344547104080,100
10000,ea1p1SD,20220207124739_276,75462,16442344591067950,100
10000,ea1p1SD,20220207124930_17,25334,16442345701020100,100
10000,ea1p1SD,20220207124942_681,313652,16442345819466130,100
10000,ea1p1SD,20220207124947_021,301872,16442345863397240,100
10000,ea1p1SD,20220207125123_711,559750,16442346823607180,100
10000,ea1p1SD,20220207125125_097,14754,16442346850504820,100
10000,ea1p1SD,20220207125134_978,148006,16442346946324080,100
10000,ea1p1SD,20220207125535_034,89603,16442349347841440,100
10000,ea1p1SD,20220207125536_759,344771,16442349358678450,100
10000,ea1p1SD,20220207125549_164,69993,16442349490072980,100
10000,ea1p1SD,20220207130441_619,174581,16442354812202630,100
10000,ea1p1SD,20220207130447_695,166634,16442354873462182,100
10000,ea1p1SD,20220207130447_78,35460,16442354876968610,100
10000,ea1p1SD,20220211122030_253,82935,16445784298484200,100
10000,ea1p1SD,20220211122030_464,80988,16445784302702342,100
10000,ea1p1SD,20220211122626_935,55154,16445787867993570,100
10000,ea1p1SD,20220211122630_49,39261,16445787904135550,100
10000,ea1p1SD,20220211124438_55,60178,16445798783848710,100
10000,ea1p1SD,20220211124448_17,9293,16445798881285952,100
