algorithm,date,iteration,seed,size,temperature
SimulatedAnnealing,20211119172526_639,935252,16373391241956310,100,-1.0
SimulatedAnnealing,20211119172527_842,139841,16373391275738010,60,-1.0
SimulatedAnnealing,20211119172536_083,386515,16373391353368440,60,-1.0
SimulatedAnnealing,20211119172538_089,1043256,16373391360840600,80,-1.0
SimulatedAnnealing,20211119172538_091,738,16373391380906590,100,-1.0
SimulatedAnnealing,20211209101121_259,118940,16390410401674800,500,-1.0
SimulatedAnnealing,20211209101123_762,71046,16390410821275260,300,-1.0
SimulatedAnnealing,20211209101123_775,1653,16390410837649428,100,-1.0
SimulatedAnnealing,20211209101123_841,4967,16390410837761020,300,-1.0
SimulatedAnnealing,20211209101124_233,36200,16390410838444080,500,-1.0
SimulatedAnnealing,20211209101124_261,3519,16390410842343530,500,-1.0
SimulatedAnnealing,20211209101124_358,9313,16390410842631150,500,-1.0
SimulatedAnnealing,20211209101124_418,4170,16390410843615070,200,-1.0
SimulatedAnnealing,20211209101124_462,2704,16390410844197710,200,-1.0
SimulatedAnnealing,20211209101137_569,825770,16390410844668600,400,-1.0
SimulatedAnnealing,20211209101333_321,8957123,16390410975727078,500,-1.0
SimulatedAnnealing,20211209101334_39,1919,16390412143651510,200,-1.0
SimulatedAnnealing,20211209101334_453,2849,16390412144152810,300,-1.0
SimulatedAnnealing,20211209101334_741,12260,16390412144769868,300,-1.0
SimulatedAnnealing,20211209101335_717,13464,16390412147522220,300,-1.0
SimulatedAnnealing,20211209101404_713,2764128,16390412166195230,400,-1.0
SimulatedAnnealing,20211209101404_899,71868,16390412447666850,500,-1.0
SimulatedAnnealing,20211209101404_917,8895,16390412449009320,500,-1.0
SimulatedAnnealing,20211209101404_939,8705,16390412449187260,300,-1.0
SimulatedAnnealing,20211209101404_976,2104,16390412449700120,200,-1.0
SimulatedAnnealing,20211209101405_01,3057,16390412449776240,200,-1.0
SimulatedAnnealing,20211209101405_016,3049,16390412450110860,400,-1.0
SimulatedAnnealing,20211209101405_058,20091,16390412450174740,300,-1.0
SimulatedAnnealing,20211209101408_338,1005962,16390412450598710,200,-1.0
SimulatedAnnealing,20211209101408_349,4435,16390412483395190,400,-1.0
SimulatedAnnealing,20211209101408_398,16977,16390412483505110,200,-1.0
SimulatedAnnealing,20211209101408_459,25657,16390412483992190,400,-1.0
SimulatedAnnealing,20211209101408_493,5832,16390412484792540,400,-1.0
SimulatedAnnealing,20211209101408_506,5530,16390412484938140,300,-1.0
SimulatedAnnealing,20211209101408_513,2704,16390412485069990,300,-1.0
SimulatedAnnealing,20211209101409_335,225684,16390412485142870,400,-1.0
SimulatedAnnealing,20211209101409_723,89174,16390412493366110,100,-1.0
SimulatedAnnealing,20211209101409_759,12317,16390412497253530,500,-1.0
SimulatedAnnealing,20211209101411_132,360581,16390412497615040,300,-1.0
SimulatedAnnealing,20211209101411_634,75526,16390412511342772,400,-1.0
SimulatedAnnealing,20211209101416_163,1711243,16390412516689200,300,-1.0
SimulatedAnnealing,20211209101416_178,2222,16390412561739110,100,-1.0
SimulatedAnnealing,20211209101416_195,6817,16390412561791830,100,-1.0
SimulatedAnnealing,20211209101416_216,6269,16390412561962060,200,-1.0
SimulatedAnnealing,20211209101416_23,2626,16390412562193530,400,-1.0
SimulatedAnnealing,20211209101416_866,313553,16390412562314210,200,-1.0
SimulatedAnnealing,20211209101416_918,27511,16390412568669950,500,-1.0
SimulatedAnnealing,20211209101416_936,3262,16390412569317520,400,-1.0
SimulatedAnnealing,20211209101416_939,663,16390412569375210,100,-1.0
SimulatedAnnealing,20211209101417_0,30457,16390412569411098,100,-1.0
SimulatedAnnealing,20211209101417_046,26515,16390412570016192,200,-1.0
SimulatedAnnealing,20211209101417_085,19682,16390412570467260,200,-1.0
SimulatedAnnealing,20211209101421_623,2643361,16390412570980080,500,-1.0
SimulatedAnnealing,20211209101421_644,5488,16390412616253870,100,-1.0
SimulatedAnnealing,20211209101421_669,6283,16390412616481530,100,-1.0
SimulatedAnnealing,20211209101421_689,1157,16390412616845730,100,-1.0
SimulatedAnnealing,20211209101421_698,1690,16390412616920310,100,-1.0
SimulatedAnnealing,20211209101421_704,1181,16390412616997170,100,-1.0
SimulatedAnnealing,20211209101423_204,730762,16390412617060102,500,-1.0
SimulatedAnnealing,20211209101423_257,22852,16390412632051662,400,-1.0
SimulatedAnnealing,20211209133834_583,82677,16390535137012640,300,-1.0
SimulatedAnnealing,20211209133835_488,1411,16390535154863050,200,-1.0
SimulatedAnnealing,20211209133835_55,43865,16390535154895980,200,-1.0
SimulatedAnnealing,20211209133835_602,20388,16390535155510960,400,-1.0
SimulatedAnnealing,20211210100835_652,11449,16391273149016820,150,-1.0
SimulatedAnnealing,20211210100836_787,21242,16391273167340130,200,-1.0
SimulatedAnnealing,20211210100836_8,6623,16391273167879470,100,-1.0
SimulatedAnnealing,20211210100836_82,9962,16391273168011040,100,-1.0
SimulatedAnnealing,20211210161830_816,57114,16391495107025530,100,-1.0
SimulatedAnnealing,20211210161836_078,2843164,16391495110483010,100,-1.0
SimulatedAnnealing,20211210163203_931,12312,16391503238974090,100,-1.0
SimulatedAnnealing,20211210163204_593,42914,16391503245004390,120,-1.0
SimulatedAnnealing,20211210163347_509,69595,16391504272988450,120,-1.0
SimulatedAnnealing,20211210163347_978,124823,16391504275517320,120,-1.0
SimulatedAnnealing,20211210163348_076,3261,16391504280703790,100,-1.0
SimulatedAnnealing,20211210163348_327,60507,16391504282144840,120,-1.0
SimulatedAnnealing,20211210163348_758,179286,16391504284154850,120,-1.0
SimulatedAnnealing,20211210163348_936,44028,16391504288581318,120,-1.0
SimulatedAnnealing,20211210163349_184,30122,16391504291173520,100,-1.0
SimulatedAnnealing,20211210163349_499,36545,16391504294226840,100,-1.0
SimulatedAnnealing,20211210163349_7,25783,16391504296571320,100,-1.0
SimulatedAnnealing,20211210163349_735,10044,16391504297015900,100,-1.0
SimulatedAnnealing,20211210163444_294,241496,16391504838661520,100,-1.0
SimulatedAnnealing,20211210163444_325,15824,16391504842993900,100,-1.0
SimulatedAnnealing,20211210163446_681,1106140,16391504847308860,120,-1.0
SimulatedAnnealing,20211210163446_866,13350,16391504868448040,120,-1.0
SimulatedAnnealing,20211210163447_334,253738,16391504868821320,100,-1.0
SimulatedAnnealing,20211210163447_739,88866,16391504875661950,100,-1.0
SimulatedAnnealing,20211210163447_92,8930,16391504879042670,100,-1.0
SimulatedAnnealing,20211210163448_468,315559,16391504879211668,120,-1.0
SimulatedAnnealing,20211210163448_751,110352,16391504885644680,120,-1.0
SimulatedAnnealing,20211210163449_416,347937,16391504888009400,120,-1.0
SimulatedAnnealing,20211210163909_807,974172,16391507479325768,120,-1.0
SimulatedAnnealing,20211210163910_683,335432,16391507501165760,100,-1.0
SimulatedAnnealing,20211210163928_135,912258,16391507665584372,100,-1.0
SimulatedAnnealing,20211210163933_999,560960,16391507730708310,120,-1.0
SimulatedAnnealing,20211210163940_554,3130852,16391507751217320,120,-1.0
SimulatedAnnealing,20211210163943_024,1237998,16391507809185218,100,-1.0
SimulatedAnnealing,20211210163947_887,1979527,16391507845343968,120,-1.0
SimulatedAnnealing,20211210164007_39,3026022,16391508022642710,120,-1.0
SimulatedAnnealing,20211210164010_044,852811,16391508085774970,100,-1.0
SimulatedAnnealing,20211210164015_687,920025,16391508140189300,100,-1.0
SimulatedAnnealing,20211210164200_566,31154,16391509205008112,120,-1.0
SimulatedAnnealing,20211210164211_421,1238784,16391509293165200,120,-1.0
SimulatedAnnealing,20211210164213_037,514642,16391509321505670,100,-1.0
SimulatedAnnealing,20211210164215_04,446464,16391509342781140,120,-1.0
SimulatedAnnealing,20211210164215_625,199295,16391509352999940,100,-1.0
SimulatedAnnealing,20211210164222_403,1151437,16391509404090878,100,-1.0
SimulatedAnnealing,20211210164222_751,205823,16391509424042348,100,-1.0
SimulatedAnnealing,20211210164225_515,364909,16391509449255410,120,-1.0
SimulatedAnnealing,20211210164227_493,548532,16391509464824368,100,-1.0
SimulatedAnnealing,20211210164228_191,97647,16391509480486690,120,-1.0
SimulatedAnnealing,20211210164315_747,360934,16391509951014950,100,-1.0
SimulatedAnnealing,20211210164332_691,949948,16391510109629840,100,-1.0
SimulatedAnnealing,20211210164345_676,1897144,16391510223585370,200,-1.0
SimulatedAnnealing,20211210164347_934,19509,16391510278805940,100,-1.0
SimulatedAnnealing,20211210164608_828,82660892,16391510279356160,200,-1.0
SimulatedAnnealing,20211210164728_224,45867577,16391511688303690,200,-1.0
SimulatedAnnealing,20211210164817_737,8768346,16391512826204742,200,-1.0
SimulatedAnnealing,20211210164946_032,26433364,16391513423621080,200,-1.0
SimulatedAnnealing,20211210164946_18,79838,16391513860337370,100,-1.0
SimulatedAnnealing,20211210164953_371,434214,16391513925950120,100,-1.0
SimulatedAnnealing,20211210165101_408,295643,16391514609208980,200,-1.0
SimulatedAnnealing,20211210165101_744,67482,16391514616383620,100,-1.0
SimulatedAnnealing,20211210165101_902,13891,16391514618796452,100,-1.0
SimulatedAnnealing,20211210165102_067,89173,16391514619033280,200,-1.0
SimulatedAnnealing,20211210165108_68,1197929,16391514667527658,200,-1.0
SimulatedAnnealing,20211210165108_849,6855,16391514688389780,100,-1.0
SimulatedAnnealing,20211210165109_481,57967,16391514693902340,200,-1.0
SimulatedAnnealing,20211210165111_408,3590,16391514714019402,100,-1.0
SimulatedAnnealing,20211210165111_448,7264,16391514714361010,100,-1.0
SimulatedAnnealing,20211210165112_337,81254,16391514722096060,200,-1.0
SimulatedAnnealing,20211210165212_588,800608,16391515312320840,200,-1.0
SimulatedAnnealing,20211210165214_623,748068,16391515332329472,100,-1.0
SimulatedAnnealing,20211210165241_428,235141,16391515610144000,100,-1.0
SimulatedAnnealing,20211210165252_886,4429693,16391515658595400,200,-1.0
SimulatedAnnealing,20211210165253_37,225241,16391515729908690,100,-1.0
SimulatedAnnealing,20211210165301_799,5224019,16391515733718122,200,-1.0
SimulatedAnnealing,20211210165304_336,567504,16391515833947220,100,-1.0
SimulatedAnnealing,20211210165328_68,10080179,16391515925631990,200,-1.0
SimulatedAnnealing,20211210165332_867,2641507,16391516086813240,200,-1.0
SimulatedAnnealing,20211210165336_243,123463,16391516160557170,100,-1.0
SimulatedAnnealing,20211210165526_657,571402,16391517255921960,100,-1.0
SimulatedAnnealing,20211210165845_986,21241,16391519257824048,100,-1.0
SimulatedAnnealing,20211210170002_079,40099041,16391519263856340,150,-1.0
SimulatedAnnealing,20211210170015_938,7393906,16391520021038370,150,-1.0
SimulatedAnnealing,20211210170016_055,64875,16391520159398388,150,-1.0
SimulatedAnnealing,20211210170022_198,3129281,16391520161307002,150,-1.0
SimulatedAnnealing,20211210170022_301,61806,16391520221988060,100,-1.0
SimulatedAnnealing,20211210170022_648,8132,16391520226293060,100,-1.0
SimulatedAnnealing,20211210170022_769,61954,16391520226586330,100,-1.0
SimulatedAnnealing,20211210170022_848,33484,16391520227704870,150,-1.0
SimulatedAnnealing,20211210170022_903,29107,16391520228496662,100,-1.0
SimulatedAnnealing,20211210170022_975,46753,16391520229038310,150,-1.0
SimulatedAnnealing,20211210170023_236,55997,16391520230963230,100,-1.0
SimulatedAnnealing,20211210170212_152,57070772,16391520232432790,150,-1.0
SimulatedAnnealing,20211210170213_562,560985,16391521323635110,100,-1.0
SimulatedAnnealing,20211210170213_719,37872,16391521336150260,100,-1.0
SimulatedAnnealing,20211210170213_756,7794,16391521337389240,150,-1.0
SimulatedAnnealing,20211210170213_825,6952,16391521338128490,100,-1.0
SimulatedAnnealing,20211210170213_984,30695,16391521339359080,150,-1.0
SimulatedAnnealing,20211210170216_229,1043002,16391521339850510,100,-1.0
SimulatedAnnealing,20211210170254_9,18604908,16391521364741140,150,-1.0
SimulatedAnnealing,20211212125419_184,2551769,16393100551466510,60,-1.0
SimulatedAnnealing,20211212125446_109,16320007,16393100607549350,60,-1.0
SimulatedAnnealing,20211212125447_037,595651,16393100861114510,60,-1.0
SimulatedAnnealing,20211212125456_162,5062559,16393100870380650,60,-1.0
SimulatedAnnealing,20211212125501_89,3509364,16393100961648540,60,-1.0
SimulatedAnnealing,20211212125502_076,114707,16393101018915688,60,-1.0
SimulatedAnnealing,20211212130146_541,1191114,16393105043211910,60,-1.0
SimulatedAnnealing,20211212130150_619,2223334,16393105065436190,60,-1.0
SimulatedAnnealing,20211212130154_487,2106758,16393105106206060,60,-1.0
SimulatedAnnealing,20211212132740_023,16920273,16393120292636600,60,-1.0
SimulatedAnnealing,20211212132800_15,10878120,16393120600274360,60,-1.0
SimulatedAnnealing,20211212132833_03,16798597,16393120801515870,60,-1.0
SimulatedAnnealing,20211212132835_402,1155234,16393121130343140,60,-1.0
SimulatedAnnealing,20211212132943_033,37812918,16393121154035070,60,-1.0
SimulatedAnnealing,20211212133441_639,38786456,16393123852307150,60,-1.0
SimulatedAnnealing,20211212133500_998,10089743,16393124816417602,60,-1.0
SimulatedAnnealing,20211212133501_067,36713,16393125009996570,60,-1.0
SimulatedAnnealing,20211212133502_822,814658,16393125010696420,60,-1.0
SimulatedAnnealing,20211212133521_386,8545899,16393125028237240,60,-1.0
SimulatedAnnealing,20211212133601_655,19524119,16393125213883070,60,-1.0
SimulatedAnnealing,20211212133634_224,12370034,16393125616619790,60,-1.0
SimulatedAnnealing,20211212133700_292,11347119,16393125942270542,60,-1.0
SimulatedAnnealing,20211212133701_064,358736,16393126202968180,60,-1.0
SimulatedAnnealing,20211212133744_754,19841274,16393126210656900,60,-1.0
SimulatedAnnealing,20211212133821_9,20073103,16393126647561440,60,-1.0
SimulatedAnnealing,20211212133941_004,34575656,16393127019016580,60,-1.0
SimulatedAnnealing,20211212134005_035,10684382,16393127810066120,60,-1.0
SimulatedAnnealing,20211212134029_467,11810389,16393128050416830,60,-1.0
SimulatedAnnealing,20211212134037_609,4425885,16393128294680450,60,-1.0
SimulatedAnnealing,20211212134115_922,20157488,16393128376105840,60,-1.0
SimulatedAnnealing,20211212135519_075,19937922,16393136768661510,60,-1.0
SimulatedAnnealing,20211212135627_792,31562943,16393137190909030,60,-1.0
SimulatedAnnealing,20211212135701_717,15908126,16393137877957270,60,-1.0
SimulatedAnnealing,20211212135719_996,9741882,16393138217184500,60,-1.0
SimulatedAnnealing,20211212135755_254,18750137,16393138399993680,60,-1.0
SimulatedAnnealing,20211212135800_278,2746545,16393138752548690,60,-1.0
SimulatedAnnealing,20211212135813_225,7294901,16393138802798222,60,-1.0
SimulatedAnnealing,20211212135908_376,28861063,16393138932266590,60,-1.0
SimulatedAnnealing,20211212140300_159,19048625,16393141419052310,60,-1.0
SimulatedAnnealing,20211212140426_491,45604187,16393141801618010,60,-1.0
SimulatedAnnealing,20211212140427_172,230043,16393142665072100,60,-1.0
SimulatedAnnealing,20211212140440_008,6646084,16393142671769100,60,-1.0
SimulatedAnnealing,20211212140532_595,27865668,16393142800092860,60,-1.0
SimulatedAnnealing,20211212140534_627,990971,16393143325987340,60,-1.0
SimulatedAnnealing,20211212140543_213,3981063,16393143346294120,60,-1.0
SimulatedAnnealing,20211212140548_487,2182498,16393143432189390,60,-1.0
SimulatedAnnealing,20211212140610_035,11239753,16393143484886450,60,-1.0
SimulatedAnnealing,20211212140627_323,9314332,16393143700395070,60,-1.0
SimulatedAnnealing,20211212140635_538,4546983,16393143873243490,60,-1.0
SimulatedAnnealing,20211212140726_081,28950859,16393143955394412,60,-1.0
SimulatedAnnealing,20211212140726_255,95000,16393144460930920,60,-1.0
SimulatedAnnealing,20211212140735_132,4598386,16393144462621800,60,-1.0
SimulatedAnnealing,20211212140817_6,19866484,16393144551385110,60,-1.0
SimulatedAnnealing,20211212140823_836,3533397,16393144976016830,60,-1.0
SimulatedAnnealing,20211212140833_477,4524726,16393145038367450,60,-1.0
SimulatedAnnealing,20211212140837_617,2309590,16393145134778840,60,-1.0
SimulatedAnnealing,20211212140915_413,21372716,16393145176183210,60,-1.0
SimulatedAnnealing,20211212141003_172,22130403,16393145554147850,60,-1.0
SimulatedAnnealing,20211212141134_46,51155667,16393146031738190,60,-1.0
SimulatedAnnealing,20211212141142_014,3944774,16393146944624390,60,-1.0
SimulatedAnnealing,20211212141148_681,3579509,16393147020158400,60,-1.0
SimulatedAnnealing,20211212141157_637,5069325,16393147086830470,60,-1.0
SimulatedAnnealing,20211212141218_946,10991796,16393147176388990,60,-1.0
SimulatedAnnealing,20211212141224_477,3067538,16393147389480030,60,-1.0
SimulatedAnnealing,20211212141240_163,8965561,16393147444780300,60,-1.0
SimulatedAnnealing,20211212141249_057,5042621,16393147601647770,60,-1.0
SimulatedAnnealing,20211212141249_998,458571,16393147690586260,60,-1.0
SimulatedAnnealing,20211212141253_823,2118592,16393147699993730,60,-1.0
SimulatedAnnealing,20211212143156_232,261671,16393159149307440,60,-1.0
SimulatedAnnealing,20211212143159_026,959049,16393159162486860,60,-1.0
SimulatedAnnealing,20211212143200_313,405421,16393159190280880,60,-1.0
SimulatedAnnealing,20211212143223_015,12371227,16393159203145260,60,-1.0
SimulatedAnnealing,20211212143234_915,6512232,16393159430161210,60,-1.0
SimulatedAnnealing,20211212143247_783,6754857,16393159549163690,60,-1.0
SimulatedAnnealing,20211212143253_907,2707372,16393159677845600,60,-1.0
SimulatedAnnealing,20211212143313_52,7815792,16393159739080588,60,-1.0
SimulatedAnnealing,20211212143359_628,22782685,16393159935233570,60,-1.0
SimulatedAnnealing,20211212143408_966,4956979,16393160396349040,60,-1.0
SimulatedAnnealing,20211212143451_59,22468367,16393160489684960,60,-1.0
SimulatedAnnealing,20211212143452_413,461644,16393160915948600,60,-1.0
SimulatedAnnealing,20211212143505_475,7253332,16393160924146120,60,-1.0
SimulatedAnnealing,20211212143534_592,16000507,16393161054770970,60,-1.0
SimulatedAnnealing,20211212143650_741,42421209,16393161345935040,60,-1.0
SimulatedAnnealing,20211212143659_409,4905964,16393162107423010,60,-1.0
SimulatedAnnealing,20211212143702_514,1674087,16393162194105460,60,-1.0
SimulatedAnnealing,20211212143702_52,2697,16393162225150110,60,-1.0
SimulatedAnnealing,20211212143711_791,5293335,16393162225208312,60,-1.0
SimulatedAnnealing,20211212143900_789,56290359,16393162317922990,60,-1.0
SimulatedAnnealing,20211212143904_961,1753127,16393163408704080,60,-1.0
SimulatedAnnealing,20211212143930_464,13540268,16393163449637480,60,-1.0
SimulatedAnnealing,20211212143952_946,9140718,16393163704790480,60,-1.0
SimulatedAnnealing,20211212143955_196,1170250,16393163929621028,60,-1.0
SimulatedAnnealing,20211212144012_974,8586431,16393163952049370,60,-1.0
SimulatedAnnealing,20211212144020_983,3437782,16393164129755350,60,-1.0
SimulatedAnnealing,20211212144054_196,17936392,16393164209839960,60,-1.0
SimulatedAnnealing,20211212144112_043,8426821,16393164541991730,60,-1.0
SimulatedAnnealing,20211212144129_185,9022394,16393164720454650,60,-1.0
SimulatedAnnealing,20211212144132_07,902778,16393164891866270,60,-1.0
SimulatedAnnealing,20211212144134_073,851215,16393164920708390,60,-1.0
SimulatedAnnealing,20211212144458_882,104004019,16393164940752580,60,-1.0
SimulatedAnnealing,20211212144534_981,14199436,16393166988902600,60,-1.0
SimulatedAnnealing,20211212144601_34,12752207,16393167349862320,60,-1.0
SimulatedAnnealing,20211212144604_54,1442637,16393167614321030,60,-1.0
SimulatedAnnealing,20211212144702_744,28266721,16393167645415370,60,-1.0
SimulatedAnnealing,20211212144714_024,5853357,16393168227480400,60,-1.0
SimulatedAnnealing,20211212144727_909,7313961,16393168340273600,60,-1.0
SimulatedAnnealing,20211212144734_347,2243936,16393168479105340,60,-1.0
SimulatedAnnealing,20211212144736_233,933198,16393168544306030,60,-1.0
SimulatedAnnealing,20211212144831_407,28617149,16393168562342870,60,-1.0
SimulatedAnnealing,20211212144845_839,7380107,16393169114079780,60,-1.0
SimulatedAnnealing,20211212144853_527,3642338,16393169258732050,60,-1.0
SimulatedAnnealing,20211212144903_67,5343901,16393169335315052,60,-1.0
SimulatedAnnealing,20211212144908_512,2692963,16393169436725450,60,-1.0
SimulatedAnnealing,20211212145003_302,30926558,16393169485134530,60,-1.0
SimulatedAnnealing,20211212145019_334,8736778,16393170033044282,60,-1.0
SimulatedAnnealing,20211212145045_358,12164519,16393170193371748,60,-1.0
SimulatedAnnealing,20211212145121_914,20879889,16393170453594410,60,-1.0
SimulatedAnnealing,20211212145136_338,8180439,16393170819152150,60,-1.0
SimulatedAnnealing,20211212145216_455,22822064,16393170963405890,60,-1.0
SimulatedAnnealing,20211212145232_693,8153730,16393171364573000,60,-1.0
SimulatedAnnealing,20211212145238_93,3490896,16393171526939458,60,-1.0
SimulatedAnnealing,20211212145311_713,18500792,16393171589313290,60,-1.0
SimulatedAnnealing,20211212145331_461,10984761,16393171917141590,60,-1.0
SimulatedAnnealing,20211212183726_127,131149,16393306448949180,50,-1.0
SimulatedAnnealing,20211212184155_326,459406,16393309145673202,50,-1.0
SimulatedAnnealing,20211212184156_817,910556,16393309153284440,50,-1.0
SimulatedAnnealing,20211212185532_594,341319,16393317320456800,50,-1.0
SimulatedAnnealing,20211212185539_595,3587103,16393317339647940,50,-1.0
SimulatedAnnealing,20211212185539_831,93974,16393317395966270,50,-1.0
SimulatedAnnealing,20211212185543_616,2428574,16393317398533500,50,-1.0
SimulatedAnnealing,20211212185545_36,1128913,16393317436173060,50,-1.0
SimulatedAnnealing,20211212185547_977,1712245,16393317453614730,50,-1.0
SimulatedAnnealing,20211212185839_786,5235835,16393319102321200,50,-1.0
SimulatedAnnealing,20211212185841_094,180,16393319210938662,50,-1.0
SimulatedAnnealing,20211212185841_095,65,16393319210953340,50,-1.0
SimulatedAnnealing,20211212185841_096,95,16393319210962592,50,-1.0
SimulatedAnnealing,20211212185843_305,1362027,16393319210970520,50,-1.0
SimulatedAnnealing,20211212185843_39,54283,16393319233060340,50,-1.0
SimulatedAnnealing,20211212185851_877,5244517,16393319233913360,50,-1.0
SimulatedAnnealing,20211212185851_878,63,16393319318780388,50,-1.0
SimulatedAnnealing,20211212185858_041,4019455,16393319318902200,50,-1.0
SimulatedAnnealing,20211212185901_337,2150977,16393319380419810,50,-1.0
SimulatedAnnealing,20211212185903_87,1673151,16393319413384390,50,-1.0
SimulatedAnnealing,20211212185905_255,891981,16393319438717452,50,-1.0
SimulatedAnnealing,20211212185905_257,79,16393319452568710,50,-1.0
SimulatedAnnealing,20211212185906_697,953432,16393319452579852,50,-1.0
SimulatedAnnealing,20211212185906_698,138,16393319466977860,50,-1.0
SimulatedAnnealing,20211212185907_038,217704,16393319466989150,50,-1.0
SimulatedAnnealing,20211212185908_417,884743,16393319470398632,50,-1.0
SimulatedAnnealing,20211212185911_169,1723976,16393319484184410,50,-1.0
SimulatedAnnealing,20211212185912_037,522855,16393319511922450,50,-1.0
SimulatedAnnealing,20211212185916_308,2673211,16393319520379870,50,-1.0
SimulatedAnnealing,20211212185919_009,1669170,16393319563093310,50,-1.0
SimulatedAnnealing,20211212185938_82,10827355,16393319590105420,50,-1.0
SimulatedAnnealing,20211212185949_824,7163673,16393319788214222,50,-1.0
SimulatedAnnealing,20211212185950_56,482893,16393319898250670,50,-1.0
SimulatedAnnealing,20211212191522_985,21153428,16393328847885990,50,-1.0
SimulatedAnnealing,20211212191522_988,112,16393329229882210,50,-1.0
SimulatedAnnealing,20211212191522_99,90,16393329229904170,50,-1.0
SimulatedAnnealing,20211212191524_292,681924,16393329229918830,50,-1.0
SimulatedAnnealing,20211212191524_293,83,16393329242932710,50,-1.0
SimulatedAnnealing,20211212191537_6,7251441,16393329242942678,50,-1.0
SimulatedAnnealing,20211212191537_603,85,16393329376028120,50,-1.0
SimulatedAnnealing,20211212191556_572,11291025,16393329376056300,50,-1.0
SimulatedAnnealing,20211212191558_138,929980,16393329565740750,50,-1.0
SimulatedAnnealing,20211212191558_139,112,16393329581392090,50,-1.0
SimulatedAnnealing,20211212191559_131,594152,16393329581403370,50,-1.0
SimulatedAnnealing,20211212191611_639,7653805,16393329591321660,50,-1.0
SimulatedAnnealing,20211212191612_263,367794,16393329716407950,50,-1.0
SimulatedAnnealing,20211212191623_915,6898004,16393329722641520,50,-1.0
SimulatedAnnealing,20211212191623_918,113,16393329839179570,50,-1.0
SimulatedAnnealing,20211212191626_625,1580634,16393329839191470,50,-1.0
SimulatedAnnealing,20211212191626_626,97,16393329866266962,50,-1.0
SimulatedAnnealing,20211212191626_655,16219,16393329866278250,50,-1.0
SimulatedAnnealing,20211212191633_086,3936863,16393329866558800,50,-1.0
SimulatedAnnealing,20211212191639_252,3576686,16393329930874218,50,-1.0
SimulatedAnnealing,20211212191639_253,71,16393329992537488,50,-1.0
SimulatedAnnealing,20211212191642_521,1981540,16393329992546800,50,-1.0
SimulatedAnnealing,20211212191643_747,709703,16393330025222672,50,-1.0
SimulatedAnnealing,20211212191649_41,3430060,16393330037479310,50,-1.0
SimulatedAnnealing,20211212191649_411,91,16393330094114940,50,-1.0
SimulatedAnnealing,20211212191703_121,8314898,16393330094126000,50,-1.0
SimulatedAnnealing,20211212191730_168,16261883,16393330231220738,50,-1.0
SimulatedAnnealing,20211212191730_169,77,16393330501696082,50,-1.0
SimulatedAnnealing,20211212191730_719,322509,16393330501706550,50,-1.0
SimulatedAnnealing,20211212191737_338,3916024,16393330507205870,50,-1.0
SimulatedAnnealing,20211212191747_449,6022260,16393330573395678,50,-1.0
SimulatedAnnealing,20211212191749_167,1008066,16393330674500950,50,-1.0
SimulatedAnnealing,20211212191754_236,3052177,16393330691682240,50,-1.0
SimulatedAnnealing,20211212191754_522,167049,16393330742369462,50,-1.0
SimulatedAnnealing,20211212191754_523,103,16393330745228520,50,-1.0
SimulatedAnnealing,20211212191755_713,734657,16393330745240690,50,-1.0
SimulatedAnnealing,20211212191755_978,154549,16393330757145470,50,-1.0
SimulatedAnnealing,20211212191801_583,3321013,16393330759790050,50,-1.0
SimulatedAnnealing,20211212191802_181,337368,16393330815840362,50,-1.0
SimulatedAnnealing,20211212191802_182,161,16393330821820550,50,-1.0
SimulatedAnnealing,20211212191804_568,1439918,16393330821833652,50,-1.0
SimulatedAnnealing,20211212191816_649,7333430,16393330845690290,50,-1.0
SimulatedAnnealing,20211212191817_423,450780,16393330966506710,50,-1.0
SimulatedAnnealing,20211212191817_803,229214,16393330974241778,50,-1.0
SimulatedAnnealing,20211212191820_389,1497424,16393330978042720,50,-1.0
SimulatedAnnealing,20211212191821_63,726665,16393331003905920,50,-1.0
SimulatedAnnealing,20211212191831_456,5951050,16393331016311720,50,-1.0
SimulatedAnnealing,20211212191831_523,23140,16393331114569650,50,-1.0
SimulatedAnnealing,20211212191831_683,99751,16393331115239170,50,-1.0
SimulatedAnnealing,20211212191831_684,72,16393331116845110,50,-1.0
SimulatedAnnealing,20211212191831_699,7469,16393331116857150,50,-1.0
SimulatedAnnealing,20211212191831_7,63,16393331117005500,50,-1.0
SimulatedAnnealing,20211212191840_691,5239068,16393331117015820,50,-1.0
SimulatedAnnealing,20211212191841_964,764252,16393331206925730,50,-1.0
SimulatedAnnealing,20211212191841_965,108,16393331219650260,50,-1.0
SimulatedAnnealing,20211212191841_978,7095,16393331219659988,50,-1.0
SimulatedAnnealing,20211212191843_068,652397,16393331219795130,50,-1.0
SimulatedAnnealing,20211212191843_069,98,16393331230690810,50,-1.0
SimulatedAnnealing,20211212191852_533,5756818,16393331230702118,50,-1.0
SimulatedAnnealing,20211212191900_67,4809361,16393331325339010,50,-1.0
SimulatedAnnealing,20211212191911_241,6350211,16393331406714370,50,-1.0
SimulatedAnnealing,20211212191911_879,366553,16393331512427840,50,-1.0
SimulatedAnnealing,20211212191911_88,93,16393331518805210,50,-1.0
SimulatedAnnealing,20211212191913_181,766326,16393331518815220,50,-1.0
SimulatedAnnealing,20211212191916_717,2104293,16393331531826550,50,-1.0
SimulatedAnnealing,20211212191918_778,1225922,16393331567185040,50,-1.0
SimulatedAnnealing,20211212191918_779,152,16393331587793860,50,-1.0
SimulatedAnnealing,20211212191920_337,783128,16393331587804360,50,-1.0
SimulatedAnnealing,20211212191930_972,6384182,16393331603384810,50,-1.0
SimulatedAnnealing,20211212191937_56,3483383,16393331709977500,50,-1.0
SimulatedAnnealing,20211212191950_967,8190116,16393331775613330,50,-1.0
SimulatedAnnealing,20211212191951_911,583131,16393331909683630,50,-1.0
SimulatedAnnealing,20211212191952_856,538336,16393331919122100,50,-1.0
SimulatedAnnealing,20211212191952_857,141,16393331928570730,50,-1.0
SimulatedAnnealing,20211212192003_555,6479011,16393331928583810,50,-1.0
SimulatedAnnealing,20211212192003_698,90223,16393332035560852,50,-1.0
SimulatedAnnealing,20211212192004_897,716629,16393332036999790,50,-1.0
SimulatedAnnealing,20211212192005_659,429806,16393332048986950,50,-1.0
SimulatedAnnealing,20211212192016_729,6683069,16393332056602970,50,-1.0
SimulatedAnnealing,20211212192016_731,82,16393332167307680,50,-1.0
SimulatedAnnealing,20211212192016_731,99,16393332167316800,50,-1.0
SimulatedAnnealing,20211212192025_371,5253955,16393332167326378,50,-1.0
SimulatedAnnealing,20211212192026_587,718297,16393332253719120,50,-1.0
SimulatedAnnealing,20211212192029_236,1553213,16393332265881550,50,-1.0
SimulatedAnnealing,20211212192059_388,18127157,16393332292371718,50,-1.0
SimulatedAnnealing,20211212192101_532,1270638,16393332593897470,50,-1.0
SimulatedAnnealing,20211212192116_563,9046292,16393332615331870,50,-1.0
SimulatedAnnealing,20211212192117_252,421315,16393332765639132,50,-1.0
SimulatedAnnealing,20211212192120_636,1908695,16393332772534240,50,-1.0
SimulatedAnnealing,20211212192120_638,99,16393332806378190,50,-1.0
SimulatedAnnealing,20211212192120_964,134564,16393332806389280,50,-1.0
SimulatedAnnealing,20211212192123_462,1191959,16393332809653570,50,-1.0
SimulatedAnnealing,20211212192147_282,12257799,16393332834634358,50,-1.0
SimulatedAnnealing,20211212192147_362,78,16393333073585330,50,-1.0
SimulatedAnnealing,20211212192158_506,6175067,16393333074061320,50,-1.0
SimulatedAnnealing,20211212192208_408,5564461,16393333185083920,50,-1.0
SimulatedAnnealing,20211212192208_41,107,16393333284104322,50,-1.0
SimulatedAnnealing,20211212192217_266,5052405,16393333284131990,50,-1.0
SimulatedAnnealing,20211212192217_465,123290,16393333372677140,50,-1.0
SimulatedAnnealing,20211212192217_843,219455,16393333374661340,50,-1.0
SimulatedAnnealing,20211212192219_088,734608,16393333378443980,50,-1.0
SimulatedAnnealing,20211212192219_203,48252,16393333390894092,50,-1.0
SimulatedAnnealing,20211212192222_347,1868672,16393333392068750,50,-1.0
SimulatedAnnealing,20211212192222_357,4501,16393333423481070,50,-1.0
SimulatedAnnealing,20211212192222_358,115,16393333423577160,50,-1.0
SimulatedAnnealing,20211212192222_359,99,16393333423588750,50,-1.0
SimulatedAnnealing,20211212192225_912,1996519,16393333423612690,50,-1.0
SimulatedAnnealing,20211212192225_913,131,16393333459134610,50,-1.0
SimulatedAnnealing,20211212192228_024,1283819,16393333459143080,50,-1.0
SimulatedAnnealing,20211212192237_969,6022242,16393333480256320,50,-1.0
SimulatedAnnealing,20211212192239_035,620976,16393333579704230,50,-1.0
SimulatedAnnealing,20211212192239_036,94,16393333590365060,50,-1.0
SimulatedAnnealing,20211212192239_53,279087,16393333590374228,50,-1.0
SimulatedAnnealing,20211212192242_549,1764020,16393333595310668,50,-1.0
SimulatedAnnealing,20211212192246_208,2154717,16393333625501780,50,-1.0
SimulatedAnnealing,20211212192310_269,13566191,16393333662089940,50,-1.0
SimulatedAnnealing,20211212192310_27,114,16393333902703568,50,-1.0
SimulatedAnnealing,20211212192310_666,226408,16393333902715630,50,-1.0
SimulatedAnnealing,20211212192311_096,249116,16393333906675350,50,-1.0
SimulatedAnnealing,20211212192311_097,76,16393333910972550,50,-1.0
SimulatedAnnealing,20211212192730_951,12798001,16393336287104430,50,-1.0
SimulatedAnnealing,20211212192754_587,13956287,16393336509528310,50,-1.0
SimulatedAnnealing,20211212205700_074,541736,16393390190564490,150,-1.0
SimulatedAnnealing,20211212205700_524,216172,16393390200766420,100,-1.0
SimulatedAnnealing,20211212211029_201,457055,16393398275129010,70,-1.0
SimulatedAnnealing,20211212211030_581,21874,16393398305459700,50,-1.0
SimulatedAnnealing,20211212211031_055,4483,16393398310474100,50,-1.0
SimulatedAnnealing,20211212211031_197,20946,16393398311400950,70,-1.0
SimulatedAnnealing,20211212211031_57,2449,16393398315667100,50,-1.0
SimulatedAnnealing,20211212211031_835,156032,16393398315763062,70,-1.0
SimulatedAnnealing,20211212211031_903,36186,16393398318370010,70,-1.0
SimulatedAnnealing,20211212211032_062,90355,16393398319138492,70,-1.0
SimulatedAnnealing,20211212211032_127,27610,16393398320853240,70,-1.0
SimulatedAnnealing,20211212211032_142,7444,16393398321287910,70,-1.0
SimulatedAnnealing,20211212211032_19,27392,16393398321452190,70,-1.0
SimulatedAnnealing,20211212211032_239,9362,16393398322234080,70,-1.0
SimulatedAnnealing,20211212211032_407,104529,16393398322401310,50,-1.0
SimulatedAnnealing,20211212211032_441,575,16393398324406360,50,-1.0
SimulatedAnnealing,20211212211032_488,20291,16393398324423420,50,-1.0
SimulatedAnnealing,20211212211032_503,8597,16393398324896230,50,-1.0
SimulatedAnnealing,20211212211032_579,50450,16393398325043700,50,-1.0
SimulatedAnnealing,20211212211032_587,4641,16393398325803110,50,-1.0
SimulatedAnnealing,20211212211032_642,23707,16393398326001690,70,-1.0
SimulatedAnnealing,20211212211032_645,718,16393398326437650,50,-1.0
SimulatedAnnealing,20211212211207_207,2678,16393399271986410,50,-1.0
SimulatedAnnealing,20211212211207_371,10756,16393399273495540,50,-1.0
SimulatedAnnealing,20211212211223_863,6607172,16393399274731570,70,-1.0
SimulatedAnnealing,20211212211440_052,58147651,16393399438640270,70,-1.0
SimulatedAnnealing,20211212211440_175,6870,16393400801583820,50,-1.0
SimulatedAnnealing,20211212211440_242,22359,16393400802009758,50,-1.0
SimulatedAnnealing,20211212211440_251,4619,16393400802431140,50,-1.0
SimulatedAnnealing,20211212211447_128,2911714,16393400802524090,70,-1.0
SimulatedAnnealing,20211212211447_28,44381,16393400871955910,70,-1.0
SimulatedAnnealing,20211212211453_506,2672301,16393400873424650,70,-1.0
SimulatedAnnealing,20211212211453_813,75714,16393400936413520,50,-1.0
SimulatedAnnealing,20211212211504_826,4718626,16393400938340320,70,-1.0
SimulatedAnnealing,20211212211504_967,42822,16393401048271780,70,-1.0
SimulatedAnnealing,20211212211504_987,6976,16393401049700040,50,-1.0
SimulatedAnnealing,20211212211511_595,2845185,16393401049881170,70,-1.0
SimulatedAnnealing,20211212211532_753,8962770,16393401116625170,70,-1.0
SimulatedAnnealing,20211212211532_896,7751,16393401328802650,50,-1.0
SimulatedAnnealing,20211212211532_929,17605,16393401328973310,50,-1.0
SimulatedAnnealing,20211212211602_494,12859239,16393401329363338,70,-1.0
SimulatedAnnealing,20211212211602_53,10710,16393401625094970,50,-1.0
SimulatedAnnealing,20211212211602_719,40577,16393401625571548,50,-1.0
SimulatedAnnealing,20211212211602_807,26034,16393401627589760,70,-1.0
SimulatedAnnealing,20211212211602_902,32614,16393401628417088,70,-1.0
SimulatedAnnealing,20211212211602_92,7961,16393401629029270,50,-1.0
SimulatedAnnealing,20211212211602_957,9210,16393401629373830,50,-1.0
SimulatedAnnealing,20211212211602_981,12418,16393401629582890,50,-1.0
SimulatedAnnealing,20211212211603_305,140826,16393401629859250,50,-1.0
SimulatedAnnealing,20211212211603_319,6611,16393401633064730,70,-1.0
SimulatedAnnealing,20211212211612_751,4049287,16393401633241910,70,-1.0
SimulatedAnnealing,20211212211612_81,28582,16393401727527248,70,-1.0
SimulatedAnnealing,20211212211612_832,8479,16393401728117980,50,-1.0
SimulatedAnnealing,20211212211612_883,20465,16393401728423418,70,-1.0
SimulatedAnnealing,20211212211612_966,43662,16393401728845360,70,-1.0
SimulatedAnnealing,20211212211612_985,9434,16393401729672440,50,-1.0
SimulatedAnnealing,20211212211613_472,112853,16393401729863030,50,-1.0
SimulatedAnnealing,20211212211613_487,2893,16393401734803200,50,-1.0
SimulatedAnnealing,20211212211613_512,8672,16393401734955890,50,-1.0
SimulatedAnnealing,20211212211613_564,27051,16393401735134730,70,-1.0
SimulatedAnnealing,20211212211613_717,44075,16393401736367100,70,-1.0
SimulatedAnnealing,20211212211620_66,2939354,16393401737182570,70,-1.0
SimulatedAnnealing,20211213010114_023,1009182,16393536714021230,80,-1.0
SimulatedAnnealing,20211213010128_41,8131098,16393536753553030,80,-1.0
SimulatedAnnealing,20211213010138_235,6100464,16393536884122018,80,-1.0
SimulatedAnnealing,20211213010149_743,6885401,16393536982498950,80,-1.0
SimulatedAnnealing,20211213010356_718,60202233,16393537426426600,80,-1.0
SimulatedAnnealing,20211213010359_394,1689865,16393538367198340,80,-1.0
SimulatedAnnealing,20211213010406_24,4425566,16393538393954460,80,-1.0
SimulatedAnnealing,20211213010415_175,5713862,16393538462418910,80,-1.0
SimulatedAnnealing,20211213010618_662,81166348,16393538551767810,80,-1.0
SimulatedAnnealing,20211213010705_576,23533121,16393539920014520,80,-1.0
SimulatedAnnealing,20211213010837_757,1526680,16393541154202420,50,-1.0
SimulatedAnnealing,20211213010837_925,100520,16393541177598390,50,-1.0
SimulatedAnnealing,20211213010838_812,611902,16393541179268392,50,-1.0
SimulatedAnnealing,20211213010840_994,1471785,16393541188135250,50,-1.0
SimulatedAnnealing,20211213091942_068,43127,16393835810893850,80,-1.0
SimulatedAnnealing,20211213091945_217,1174964,16393835834014780,80,-1.0
SimulatedAnnealing,20211213091947_651,1658622,16393835852180230,80,-1.0
SimulatedAnnealing,20211213091955_139,5144604,16393835876520150,80,-1.0
SimulatedAnnealing,20211213091955_375,160940,16393835951398010,80,-1.0
SimulatedAnnealing,20211213091955_405,19374,16393835953765622,80,-1.0
SimulatedAnnealing,20211213091955_648,165918,16393835954058320,80,-1.0
SimulatedAnnealing,20211213091955_892,167365,16393835956489200,80,-1.0
SimulatedAnnealing,20211213091956_182,187412,16393835958928790,80,-1.0
SimulatedAnnealing,20211213091956_245,43829,16393835961828970,80,-1.0
SimulatedAnnealing,20211213101302_02,697956657,16393835962459460,80,-1.0
SimulatedAnnealing,20211213101319_874,9818714,16393867823470408,80,-1.0
SimulatedAnnealing,20211214114258_638,6153475,16394785676129220,100,-1.0
SimulatedAnnealing,20211214114307_553,4680276,16394785797260290,100,-1.0
SimulatedAnnealing,20211215101544_391,75119,16395597439422550,100,-1.0
SimulatedAnnealing,20211215101545_121,30582,16395597450090970,100,-1.0
SimulatedAnnealing,20211215101545_345,122930,16395597451219590,100,-1.0
SimulatedAnnealing,20211215101545_723,55747,16395597456369400,100,-1.0
SimulatedAnnealing,20211215101546_289,209988,16395597458787830,100,-1.0
SimulatedAnnealing,20211215101546_448,36365,16395597462905950,100,-1.0
SimulatedAnnealing,20211215101546_892,13570,16395597468692800,100,-1.0
SimulatedAnnealing,20211215101547_357,61904,16395597472179000,100,-1.0
SimulatedAnnealing,20211215101547_377,12602,16395597473585948,100,-1.0
SimulatedAnnealing,20211215101548_727,12176,16395597487072160,100,-1.0
SimulatedAnnealing,20211215101551_412,504596,16395597504541300,100,-1.0
SimulatedAnnealing,20211215101551_662,23957,16395597516226220,100,-1.0
SimulatedAnnealing,20211215101551_828,109011,16395597516631400,100,-1.0
SimulatedAnnealing,20211215101552_555,159116,16395597522670540,100,-1.0
SimulatedAnnealing,20211215101552_57,8775,16395597525565578,100,-1.0
SimulatedAnnealing,20211215101552_728,6408,16395597527166590,100,-1.0
SimulatedAnnealing,20211215101554_175,12772,16395597541535820,100,-1.0
SimulatedAnnealing,20211215101554_186,5791,16395597541768940,100,-1.0
SimulatedAnnealing,20211215101554_914,37530,16395597548348840,100,-1.0
SimulatedAnnealing,20211215101555_065,32622,16395597550154380,100,-1.0
SimulatedAnnealing,20211215101723_719,54508,16395598436292592,100,-1.0
SimulatedAnnealing,20211215101724_421,226812,16395598440246850,100,-1.0
SimulatedAnnealing,20211215101724_465,23843,16395598444271430,100,-1.0
SimulatedAnnealing,20211215101724_735,11427,16395598447149580,100,-1.0
SimulatedAnnealing,20211215101725_61,5527,16395598456007770,100,-1.0
SimulatedAnnealing,20211215101726_126,1581,16395598461230290,100,-1.0
SimulatedAnnealing,20211215101726_282,27689,16395598462267972,100,-1.0
SimulatedAnnealing,20211215101726_3,9490,16395598462834650,100,-1.0
SimulatedAnnealing,20211215101726_451,93125,16395598463009550,100,-1.0
SimulatedAnnealing,20211215101726_53,47263,16395598464522130,100,-1.0
SimulatedAnnealing,20211215101726_681,37208,16395598466212460,100,-1.0
SimulatedAnnealing,20211215101726_701,12673,16395598466820518,100,-1.0
SimulatedAnnealing,20211215101726_73,17731,16395598467017390,100,-1.0
SimulatedAnnealing,20211215101726_78,7250,16395598467682580,100,-1.0
SimulatedAnnealing,20211215101727_496,354807,16395598468316620,100,-1.0
SimulatedAnnealing,20211215101727_575,3318,16395598475695692,100,-1.0
SimulatedAnnealing,20211215101728_021,96393,16395598478775150,100,-1.0
SimulatedAnnealing,20211215101728_041,11534,16395598480224840,100,-1.0
SimulatedAnnealing,20211215101728_06,5714,16395598480515658,100,-1.0
SimulatedAnnealing,20211215101728_781,132980,16395598485700120,100,-1.0
SimulatedAnnealing,20211215101808_466,19795,16395598884335010,100,-1.0
SimulatedAnnealing,20211215101810_769,668825,16395598895059610,100,-1.0
SimulatedAnnealing,20211215101811_642,121197,16395598914082520,100,-1.0
SimulatedAnnealing,20211215101812_243,330380,16395598916876800,100,-1.0
SimulatedAnnealing,20211215101813_384,644387,16395598922448320,100,-1.0
SimulatedAnnealing,20211215101813_669,157327,16395598933856770,100,-1.0
SimulatedAnnealing,20211215101815_33,943174,16395598936705990,100,-1.0
SimulatedAnnealing,20211215101816_222,495358,16395598953737600,100,-1.0
SimulatedAnnealing,20211215101816_406,111318,16395598962387980,100,-1.0
SimulatedAnnealing,20211215101817_826,773133,16395598965365460,100,-1.0
SimulatedAnnealing,20211215101818_021,86249,16395598978398610,100,-1.0
SimulatedAnnealing,20211215101819_335,490948,16395598984564980,100,-1.0
SimulatedAnnealing,20211215101820_301,507640,16395598993795020,100,-1.0
SimulatedAnnealing,20211215101821_184,461343,16395599003025370,100,-1.0
SimulatedAnnealing,20211215101821_888,299767,16395599013167680,100,-1.0
SimulatedAnnealing,20211215103049_296,391249,16395606483464260,100,-1.0
SimulatedAnnealing,20211215103102_581,5618823,16395606534604148,100,-1.0
SimulatedAnnealing,20211215103126_632,11917999,16395606675939888,100,-1.0
SimulatedAnnealing,20211215103133_569,3424529,16395606881411600,100,-1.0
SimulatedAnnealing,20211215103225_319,29619226,16395606936637710,100,-1.0
SimulatedAnnealing,20211215103229_124,2400221,16395607453201620,100,-1.0
SimulatedAnnealing,20211215103247_89,9423812,16395607519549760,100,-1.0
SimulatedAnnealing,20211215103302_096,7218492,16395607702910340,100,-1.0
SimulatedAnnealing,20211215103304_753,652220,16395607836458390,100,-1.0
SimulatedAnnealing,20211215103354_75,29117999,16395607847542970,100,-1.0
SimulatedAnnealing,20211215103415_336,12541911,16395608347701048,100,-1.0
SimulatedAnnealing,20211215103418_922,1649763,16395608560803420,100,-1.0
SimulatedAnnealing,20211215103453_189,20790642,16395608589229970,100,-1.0
SimulatedAnnealing,20211215103509_562,9785772,16395608931963000,100,-1.0
SimulatedAnnealing,20211215103538_307,15889902,16395609115582340,100,-1.0
SimulatedAnnealing,20211215103844_404,1234,16395611244026540,100,-1.0
SimulatedAnnealing,20211215103844_469,7971,16395611244538900,100,-1.0
SimulatedAnnealing,20211215103844_539,38605,16395611244703072,100,-1.0
SimulatedAnnealing,20211215103848_831,34193,16395611287416880,100,-1.0
SimulatedAnnealing,20211215103848_837,3466,16395611288320310,100,-1.0
SimulatedAnnealing,20211215103859_562,5692759,16395611290690948,100,-1.0
SimulatedAnnealing,20211215103859_616,30969,16395611395629758,100,-1.0
SimulatedAnnealing,20211215103949_212,26484513,16395611396498520,100,-1.0
SimulatedAnnealing,20211215103949_504,9287,16395611894884710,100,-1.0
SimulatedAnnealing,20211215103949_509,2369,16395611895053560,100,-1.0
SimulatedAnnealing,20211215104058_489,32609293,16395611977183280,100,-1.0
SimulatedAnnealing,20211215104059_137,311009,16395612585245630,100,-1.0
SimulatedAnnealing,20211215104059_884,8121,16395612598658740,100,-1.0
SimulatedAnnealing,20211215104059_999,33834,16395612598853380,100,-1.0
SimulatedAnnealing,20211215104107_307,11269,16395612672900350,100,-1.0
SimulatedAnnealing,20211215104135_325,11237033,16395612748302730,100,-1.0
SimulatedAnnealing,20211215104204_298,13280202,16395613003040130,100,-1.0
SimulatedAnnealing,20211215104204_995,354485,16395613243000690,100,-1.0
SimulatedAnnealing,20211215104205_081,45220,16395613249960340,100,-1.0
SimulatedAnnealing,20211215104205_097,8728,16395613250820240,100,-1.0
SimulatedAnnealing,20211215104205_138,12349,16395613250982850,100,-1.0
SimulatedAnnealing,20211215104215_854,77617,16395613357021580,100,-1.0
SimulatedAnnealing,20211215104216_061,107426,16395613358626530,100,-1.0
SimulatedAnnealing,20211215104216_096,7689,16395613360653688,100,-1.0
SimulatedAnnealing,20211215104217_189,43023,16395613371119630,100,-1.0
SimulatedAnnealing,20211215104855_438,1028856,16395617334988120,100,-1.0
SimulatedAnnealing,20211215104934_112,48108,16395617740349740,100,-1.0
SimulatedAnnealing,20211215104934_788,162954,16395617744862822,100,-1.0
SimulatedAnnealing,20211215104936_33,820421,16395617748426640,100,-1.0
SimulatedAnnealing,20211215104936_729,201504,16395617763614240,100,-1.0
SimulatedAnnealing,20211215105021_644,23009005,16395617767306060,100,-1.0
SimulatedAnnealing,20220109120817_227,13184,16417174970173060,100,-1.0
SimulatedAnnealing,20220109120820_889,1437422,16417174985537332,100,-1.0
SimulatedAnnealing,20220109120820_942,22780,16417175008904250,100,-1.0
SimulatedAnnealing,20220109120821_797,403518,16417175011120050,100,-1.0
SimulatedAnnealing,20220109120826_535,18682,16417175065052690,100,-1.0
SimulatedAnnealing,20220109120826_605,35323,16417175065360060,100,-1.0
SimulatedAnnealing,20220109120827_28,107853,16417175071019052,100,-1.0
SimulatedAnnealing,20220109120828_317,596934,16417175072810960,100,-1.0
SimulatedAnnealing,20220109120831_323,1187790,16417175092539650,100,-1.0
SimulatedAnnealing,20220109120831_34,10260,16417175113237750,100,-1.0
SimulatedAnnealing,20220109120831_463,58623,16417175113417420,100,-1.0
SimulatedAnnealing,20220109120832_817,32479,16417175127664790,100,-1.0
SimulatedAnnealing,20220109120835_245,898790,16417175138049870,100,-1.0
SimulatedAnnealing,20220109120835_287,8320,16417175152749130,100,-1.0
SimulatedAnnealing,20220109120835_407,43773,16417175153256760,100,-1.0
SimulatedAnnealing,20220109120835_438,14194,16417175154167420,100,-1.0
SimulatedAnnealing,20220109120835_447,2584,16417175154430658,100,-1.0
SimulatedAnnealing,20220109120836_92,66249,16417175168053750,100,-1.0
SimulatedAnnealing,20220109120838_42,4752,16417175184118000,100,-1.0
SimulatedAnnealing,20220109120838_482,35797,16417175184265348,100,-1.0
SimulatedAnnealing,20220109121721_534,97898345,16417178389236160,100,-1.0
SimulatedAnnealing,20220109121728_952,3979489,16417180415521180,100,-1.0
SimulatedAnnealing,20220109121730_919,1083731,16417180490206840,100,-1.0
SimulatedAnnealing,20220109121732_189,338946,16417180515436590,100,-1.0
SimulatedAnnealing,20220109122757_646,100747057,16417184967392390,100,-1.0
SimulatedAnnealing,20220109122800_733,1434188,16417186781986150,100,-1.0
SimulatedAnnealing,20220109122830_632,276936,16417187101098918,100,-1.0
SimulatedAnnealing,20220109124408_903,317504878,16417190455446410,100,-1.0
SimulatedAnnealing,20220109124412_615,1858142,16417196490373180,100,-1.0
SimulatedAnnealing,20220109124428_969,8304146,16417196526251618,100,-1.0
SimulatedAnnealing,20220109125042_807,203393110,16417196689746302,100,-1.0
SimulatedAnnealing,20220109125408_04,1048058,16417202459968960,100,-1.0
SimulatedAnnealing,20220109125430_478,9890418,16417202519351500,100,-1.0
SimulatedAnnealing,20220109130014_855,191775,16417206145245550,100,-1.0
SimulatedAnnealing,20220109130404_974,74316422,16417207156276830,100,-1.0
SimulatedAnnealing,20220109130441_781,14337370,16417208573300158,100,-1.0
SimulatedAnnealing,20220109130505_162,1598005,16417209024537972,100,-1.0
SimulatedAnnealing,20220109130702_206,4160549,16417210143213490,100,-1.0
SimulatedAnnealing,20220109130813_715,30213378,16417210223242860,100,-1.0
SimulatedAnnealing,20220109130841_71,15330293,16417210937174010,100,-1.0
SimulatedAnnealing,20220109130843_504,1035501,16417211217114740,100,-1.0
SimulatedAnnealing,20220109130843_512,4515,16417211235052190,100,-1.0
SimulatedAnnealing,20220109130854_802,6291779,16417211235279480,100,-1.0
SimulatedAnnealing,20220109131101_916,10643666,16417212424000600,100,-1.0
SimulatedAnnealing,20220109131102_19,126770,16417212619733282,100,-1.0
SimulatedAnnealing,20220109131145_232,25021543,16417212621914630,100,-1.0
SimulatedAnnealing,20220109131256_154,3373,16417213761477352,100,-1.0
SimulatedAnnealing,20220109131430_126,527374,16417214690887100,100,-1.0
SimulatedAnnealing,20220109131604_176,48717817,16417214724353080,100,-1.0
SimulatedAnnealing,20220109131605_669,122039,16417215654274940,100,-1.0
SimulatedAnnealing,20220109131652_025,536385,16417216110769740,100,-1.0
SimulatedAnnealing,20220109131853_413,15956534,16417217047929462,100,-1.0
SimulatedAnnealing,20220109131854_795,809692,16417217334140602,100,-1.0
SimulatedAnnealing,20220109131959_576,1401189,16417217970157772,100,-1.0
SimulatedAnnealing,20220109132001_877,1297462,16417217995812910,100,-1.0
SimulatedAnnealing,20220109132004_471,1150936,16417218022294540,100,-1.0
SimulatedAnnealing,20220109132033_989,1791830,16417218306576800,100,-1.0
SimulatedAnnealing,20220109132132_632,76864,16417218924920690,100,-1.0
SimulatedAnnealing,20220109132145_486,272358,16417219050002580,100,-1.0
SimulatedAnnealing,20220109132151_08,475331,16417219102596430,100,-1.0
SimulatedAnnealing,20220109132152_719,849605,16417219111906290,100,-1.0
SimulatedAnnealing,20220109132244_929,780801,16417219636392810,100,-1.0
SimulatedAnnealing,20220109132353_224,40669053,16417219649980390,100,-1.0
SimulatedAnnealing,20220109143613_932,13356293,16417263487302470,80,-1.0
SimulatedAnnealing,20220109143619_13,31490,16417263790772850,80,-1.0
SimulatedAnnealing,20220109143743_996,28133799,16417263915976910,60,-1.0
SimulatedAnnealing,20220109143842_115,27938622,16417264644618440,100,-1.0
SimulatedAnnealing,20220109143908_424,2364478,16417265433754252,60,-1.0
SimulatedAnnealing,20220109144247_186,5270433,16417267576016640,100,-1.0
SimulatedAnnealing,20220109144352_07,4999427,16417268228868220,80,-1.0
SimulatedAnnealing,20220109144502_53,35569615,16417268365513740,100,-1.0
SimulatedAnnealing,20220109144554_259,2262146,16417269502060490,60,-1.0
SimulatedAnnealing,20220109144619_288,9265940,16417269621169230,60,-1.0
SimulatedAnnealing,20220109144718_842,17330855,16417270082206640,80,-1.0
SimulatedAnnealing,20220109144902_023,55491565,16417270394602302,100,-1.0
SimulatedAnnealing,20220109144912_755,2969237,16417271471485760,80,-1.0
SimulatedAnnealing,20220109145100_121,10608030,16417272386729240,60,-1.0
SimulatedAnnealing,20220109145149_624,24272302,16417272601242730,100,-1.0
SimulatedAnnealing,20220109151532_912,18351,16417287318874782,100,-1.0
SimulatedAnnealing,20220109151534_447,6806,16417287343144510,100,-1.0
SimulatedAnnealing,20220109151534_462,9120,16417287344484550,100,-1.0
SimulatedAnnealing,20220109151534_53,5334,16417287344635128,100,-1.0
SimulatedAnnealing,20220109151534_546,4308,16417287345317270,100,-1.0
SimulatedAnnealing,20220109151534_562,2509,16417287345471398,100,-1.0
SimulatedAnnealing,20220109151535_679,710271,16417287345632410,100,-1.0
SimulatedAnnealing,20220109151535_723,12742,16417287356807460,100,-1.0
SimulatedAnnealing,20220109151535_749,8266,16417287357380340,100,-1.0
SimulatedAnnealing,20220109151540_623,1286664,16417287357508882,100,-1.0
SimulatedAnnealing,20220109151540_994,225177,16417287406241350,100,-1.0
SimulatedAnnealing,20220109151541_578,368131,16417287409955060,100,-1.0
SimulatedAnnealing,20220109151542_18,180422,16417287418292730,100,-1.0
SimulatedAnnealing,20220109151542_184,1555,16417287421819170,100,-1.0
SimulatedAnnealing,20220109151542_226,21655,16417287421851038,100,-1.0
SimulatedAnnealing,20220109151542_678,2262,16417287426687350,100,-1.0
SimulatedAnnealing,20220109151542_686,2000,16417287426787770,100,-1.0
SimulatedAnnealing,20220109151542_695,2380,16417287426917232,100,-1.0
SimulatedAnnealing,20220109151542_77,30845,16417287426978430,100,-1.0
SimulatedAnnealing,20220109151543_164,220100,16417287427712230,100,-1.0
SimulatedAnnealing,20220109151543_169,2634,16417287431649920,100,-1.0
SimulatedAnnealing,20220109151547_119,1226608,16417287431696990,100,-1.0
SimulatedAnnealing,20220109151547_165,12612,16417287471260682,100,-1.0
SimulatedAnnealing,20220109151547_173,2314,16417287471661620,100,-1.0
SimulatedAnnealing,20220109151547_177,2317,16417287471745278,100,-1.0
SimulatedAnnealing,20220109151548_137,654755,16417287471785280,100,-1.0
SimulatedAnnealing,20220109151548_152,9720,16417287481381500,100,-1.0
SimulatedAnnealing,20220109151548_163,7214,16417287481533670,100,-1.0
SimulatedAnnealing,20220109151549_79,502134,16417287481644170,100,-1.0
SimulatedAnnealing,20220109151551_791,621466,16417287498120630,100,-1.0
SimulatedAnnealing,20220109151551_854,35068,16417287517958190,100,-1.0
SimulatedAnnealing,20220109151552_19,1363,16417287521888120,100,-1.0
SimulatedAnnealing,20220109151552_197,3970,16417287521916810,100,-1.0
SimulatedAnnealing,20220109151552_223,3489,16417287522068880,100,-1.0
SimulatedAnnealing,20220109151554_131,1309891,16417287522237980,100,-1.0
SimulatedAnnealing,20220109151554_136,3232,16417287541321508,100,-1.0
SimulatedAnnealing,20220109151554_187,37152,16417287541373120,100,-1.0
SimulatedAnnealing,20220109151554_215,4046,16417287542019538,100,-1.0
SimulatedAnnealing,20220109151554_393,113720,16417287542159030,100,-1.0
SimulatedAnnealing,20220109151556_405,1183446,16417287544316052,100,-1.0
SimulatedAnnealing,20220109151556_948,6975,16417287569224520,100,-1.0
SimulatedAnnealing,20220109151600_048,1870272,16417287569491292,100,-1.0
SimulatedAnnealing,20220109151600_081,21969,16417287600499070,100,-1.0
SimulatedAnnealing,20220109151601_736,920257,16417287601034510,100,-1.0
SimulatedAnnealing,20220109151601_747,7224,16417287617371460,100,-1.0
SimulatedAnnealing,20220109151601_766,3424,16417287617601070,100,-1.0
SimulatedAnnealing,20220109151601_774,5753,16417287617670440,100,-1.0
SimulatedAnnealing,20220109151601_89,73052,16417287617752680,100,-1.0
SimulatedAnnealing,20220109151601_898,2137,16417287618914710,100,-1.0
SimulatedAnnealing,20220109151601_903,2309,16417287618992050,100,-1.0
SimulatedAnnealing,20220109151601_908,2594,16417287619038020,100,-1.0
SimulatedAnnealing,20220109151601_927,5919,16417287619090760,100,-1.0
SimulatedAnnealing,20220109151602_036,29281,16417287619284420,100,-1.0
SimulatedAnnealing,20220109151602_06,14573,16417287620374380,100,-1.0
SimulatedAnnealing,20220109151604_343,636206,16417287620614500,100,-1.0
SimulatedAnnealing,20220109151604_355,7911,16417287643447462,100,-1.0
SimulatedAnnealing,20220109151604_362,2068,16417287643566420,100,-1.0
SimulatedAnnealing,20220109151604_391,9317,16417287643635950,100,-1.0
SimulatedAnnealing,20220109151604_966,374230,16417287643927560,100,-1.0
SimulatedAnnealing,20220109151605_003,3182,16417287649991742,100,-1.0
SimulatedAnnealing,20220109152441_531,17849,16417292815006950,100,-1.0
SimulatedAnnealing,20220109152442_12,130026,16417292815341690,100,-1.0
SimulatedAnnealing,20220109152442_731,367537,16417292821216890,100,-1.0
SimulatedAnnealing,20220109152443_711,281216,16417292827327280,100,-1.0
SimulatedAnnealing,20220109152443_836,4584,16417292838127720,100,-1.0
SimulatedAnnealing,20220109152444_675,476672,16417292838372790,100,-1.0
SimulatedAnnealing,20220109152444_693,5110,16417292846765210,100,-1.0
SimulatedAnnealing,20220109152511_779,15951126,16417292846940430,100,-1.0
SimulatedAnnealing,20220109152551_838,23111118,16417293117812150,100,-1.0
SimulatedAnnealing,20220109152551_864,14159,16417293518401570,100,-1.0
SimulatedAnnealing,20220109152558_734,3877612,16417293518650760,100,-1.0
SimulatedAnnealing,20220109152607_948,88876,16417293677288800,100,-1.0
SimulatedAnnealing,20220109152607_988,4841,16417293679774620,100,-1.0
SimulatedAnnealing,20220109152608_096,21269,16417293679907580,100,-1.0
SimulatedAnnealing,20220109152608_238,51320,16417293680972000,100,-1.0
SimulatedAnnealing,20220109152611_098,1013904,16417293682400300,100,-1.0
SimulatedAnnealing,20220109152611_267,5857,16417293712371380,100,-1.0
SimulatedAnnealing,20220109152625_909,6755066,16417293712683490,100,-1.0
SimulatedAnnealing,20220109152626_08,5719,16417293860710380,100,-1.0
SimulatedAnnealing,20220109152738_092,38258458,16417293860811120,100,-1.0
SimulatedAnnealing,20220109152745_978,4028362,16417294580943670,100,-1.0
SimulatedAnnealing,20220109152745_992,7446,16417294659797780,100,-1.0
SimulatedAnnealing,20220109152817_634,19296158,16417294660055930,100,-1.0
SimulatedAnnealing,20220109152818_086,271347,16417294976348268,100,-1.0
SimulatedAnnealing,20220109152953_429,24305464,16417295040515972,100,-1.0
SimulatedAnnealing,20220109153121_229,50963054,16417295934707640,100,-1.0
SimulatedAnnealing,20220109153121_464,149840,16417296812306408,100,-1.0
SimulatedAnnealing,20220109153121_504,11876,16417296814654960,100,-1.0
SimulatedAnnealing,20220109153140_006,4814836,16417296815065010,100,-1.0
SimulatedAnnealing,20220109153140_036,7393,16417297000098888,100,-1.0
SimulatedAnnealing,20220109153140_631,333436,16417297000375720,100,-1.0
SimulatedAnnealing,20220109153144_396,2033660,16417297006327880,100,-1.0
SimulatedAnnealing,20220109153150_829,8305,16417297108012200,100,-1.0
SimulatedAnnealing,20220109153150_849,6016,16417297108405610,100,-1.0
SimulatedAnnealing,20220109153152_2,737399,16417297109753230,100,-1.0
SimulatedAnnealing,20220109153230_453,10819017,16417297122008980,100,-1.0
SimulatedAnnealing,20220109153240_169,2751300,16417297504543100,100,-1.0
SimulatedAnnealing,20220109153240_907,211787,16417297601699980,100,-1.0
SimulatedAnnealing,20220109153242_244,875744,16417297609083090,100,-1.0
SimulatedAnnealing,20220109153337_006,15775542,16417297622454830,100,-1.0
SimulatedAnnealing,20220109153337_011,2748,16417298170067780,100,-1.0
SimulatedAnnealing,20220109153337_084,19987,16417298170207660,100,-1.0
SimulatedAnnealing,20220109153514_248,54986468,16417298170864350,100,-1.0
SimulatedAnnealing,20220109153626_142,42985627,16417299142490088,100,-1.0
SimulatedAnnealing,20220109153627_142,49266,16417299870698162,100,-1.0
SimulatedAnnealing,20220109153640_15,7337215,16417299871431670,100,-1.0
SimulatedAnnealing,20220109153640_157,1959,16417300001515902,100,-1.0
SimulatedAnnealing,20220109153641_578,132443,16417300010421710,100,-1.0
SimulatedAnnealing,20220109153646_751,2592786,16417300015796470,100,-1.0
SimulatedAnnealing,20220109153649_69,1471859,16417300067523530,100,-1.0
SimulatedAnnealing,20220109153650_39,367862,16417300096944670,100,-1.0
SimulatedAnnealing,20220109153652_021,856991,16417300103924020,100,-1.0
SimulatedAnnealing,20220109153652_506,2407,16417300124974020,100,-1.0
SimulatedAnnealing,20220109153656_61,2179177,16417300125174450,100,-1.0
SimulatedAnnealing,20220109153656_68,4274,16417300166645350,100,-1.0
SimulatedAnnealing,20220109153700_038,1733839,16417300166811060,100,-1.0
SimulatedAnnealing,20220109153702_795,1127306,16417300200749590,100,-1.0
SimulatedAnnealing,20220109153702_805,1983,16417300227974390,100,-1.0
SimulatedAnnealing,20220109153703_716,335224,16417300228058130,100,-1.0
SimulatedAnnealing,20220109153846_592,56687269,16417300237178740,100,-1.0
SimulatedAnnealing,20220112132428_662,504221,16419812670716660,100,-1.0
SimulatedAnnealing,20220112155008_731,25946657,16419899652002280,100,-1.0
SimulatedAnnealing,20220112155104_442,35608670,16419900093084510,100,-1.0
SimulatedAnnealing,20220112155104_511,31915,16419900644441950,100,-1.0
SimulatedAnnealing,20220112155104_589,3845,16419900645125700,100,-1.0
SimulatedAnnealing,20220112155104_705,29793,16419900645906702,100,-1.0
SimulatedAnnealing,20220112155126_188,12914104,16419900647061592,100,-1.0
SimulatedAnnealing,20220112155213_233,13320763,16419900861956710,100,-1.0
SimulatedAnnealing,20220112155238_124,35819,16419901580775350,100,-1.0
SimulatedAnnealing,20220112155259_417,13210099,16419901581258530,100,-1.0
SimulatedAnnealing,20220112155301_614,1358338,16419901794388840,100,-1.0
SimulatedAnnealing,20220112155340_615,24232106,16419901816157560,100,-1.0
SimulatedAnnealing,20220112155340_627,3283,16419902206162290,100,-1.0
SimulatedAnnealing,20220112155534_177,67705523,16419902249935588,100,-1.0
SimulatedAnnealing,20220112155534_188,6025,16419903341788130,100,-1.0
SimulatedAnnealing,20220112155534_2,3296,16419903341888660,100,-1.0
SimulatedAnnealing,20220112155534_205,2954,16419903342012848,100,-1.0
SimulatedAnnealing,20220112155723_512,31383181,16419903342251192,100,-1.0
SimulatedAnnealing,20220112155724_121,368551,16419904435518550,100,-1.0
SimulatedAnnealing,20220112155724_681,44855,16419904445402210,100,-1.0
SimulatedAnnealing,20220112155726_971,673894,16419904447023850,100,-1.0
SimulatedAnnealing,20220112155730_765,2350002,16419904469728438,100,-1.0
SimulatedAnnealing,20220112155730_768,1109,16419904507666890,100,-1.0
SimulatedAnnealing,20220112155736_363,3444942,16419904507693680,100,-1.0
SimulatedAnnealing,20220112155736_39,5911,16419904563710840,100,-1.0
SimulatedAnnealing,20220112155826_176,30803617,16419904563911222,100,-1.0
SimulatedAnnealing,20220112155839_086,8489137,16419905061773838,100,-1.0
SimulatedAnnealing,20220112155842_071,1399480,16419905197775170,100,-1.0
SimulatedAnnealing,20220112155843_044,5857,16419905230364410,100,-1.0
SimulatedAnnealing,20220112155846_084,1861304,16419905230454460,100,-1.0
SimulatedAnnealing,20220112155846_099,4284,16419905260853478,100,-1.0
SimulatedAnnealing,20220112155846_152,9592,16419905261216000,100,-1.0
SimulatedAnnealing,20220112155912_605,17589858,16419905261990860,100,-1.0
SimulatedAnnealing,20220112155912_806,135468,16419905526065680,100,-1.0
SimulatedAnnealing,20220112155914_928,1322895,16419905528075982,100,-1.0
SimulatedAnnealing,20220112155915_047,7118,16419905550368550,100,-1.0
SimulatedAnnealing,20220112155915_14,29434,16419905550480270,100,-1.0
